Well_ID,Longitude,Latitude,GWLm,altitude_m,well_depth_m,bottom_elevation_m,VHG_predicted_raw,VHG_predicted,VHG_observed,VHG_final,has_observed_VHG,period
290125095113701,-95.194000,29.024000,-4.040000,1.511808,97.231200,-95.719392,0.103151,0.103151,,0.103151,False,1970-1975
290209095265101,-95.448000,29.036000,-26.630000,3.685032,98.450400,-94.765368,0.070092,0.070092,,0.070092,False,1970-1975
290210095261601,-95.438000,29.036000,-24.810000,4.364736,99.974400,-95.609664,0.066685,0.066685,,0.066685,False,1970-1975
290216095262901,-95.442000,29.038000,-9.860000,4.367784,76.200000,-71.832216,0.116633,0.116633,,0.116633,False,1970-1975
290218095262901,-95.442000,29.039000,-27.560000,4.419600,103.632000,-99.212400,0.071704,0.071704,,0.071704,False,1970-1975
290225095263701,-95.444000,29.041000,-26.800000,4.498848,103.632000,-99.133152,0.069765,0.069765,,0.069765,False,1970-1975
290237095265102,-95.448000,29.044000,-26.810000,4.849368,103.022400,-98.173032,0.070059,0.070059,,0.070059,False,1970-1975
290333095204201,-95.345000,29.059000,-7.800000,2.697480,67.056000,-64.358520,0.098846,0.098846,,0.098846,False,1970-1975
290356095201801,-95.339000,29.066000,-9.610000,3.051048,85.344000,-82.292952,0.093007,0.093007,,0.093007,False,1970-1975
290408095201601,-95.338000,29.069000,-25.980000,2.499360,85.953600,-83.454240,0.065711,0.065711,,0.065711,False,1970-1975
290422095202501,-95.341000,29.073000,-9.260000,2.170176,88.392000,-86.221824,0.098173,0.098173,,0.098173,False,1970-1975
290429095072802,-95.125000,29.075000,-0.320000,1.514856,64.312800,-62.797944,0.107629,0.107629,,0.107629,False,1970-1975
290754095033502,-95.060000,29.132000,-4.340000,1.524000,91.440000,-89.916000,0.096383,0.096383,,0.096383,False,1970-1975
290818095025201,-95.048000,29.139000,-7.450000,1.511808,91.440000,-89.928192,0.083124,0.083124,,0.083124,False,1970-1975
290834095384201,-95.645000,29.143000,-7.300000,10.448544,200.863200,-190.414656,0.102487,0.102487,,0.102487,False,1970-1975
290938095371601,-95.621000,29.161000,2.740000,8.790432,67.056000,-58.265568,0.127680,0.127680,0.111832,0.111832,True,1970-1975
290939095480601,-95.802000,29.161000,3.270000,15.230856,152.400000,-137.169144,0.113630,0.113630,,0.113630,False,1970-1975
291005095374801,-95.630000,29.168000,-11.430000,10.098024,195.072000,-184.973976,0.101766,0.101766,0.111832,0.111832,True,1970-1975
291055095482501,-95.807000,29.182000,2.710000,16.136112,121.615200,-105.479088,0.117868,0.117868,,0.117868,False,1970-1975
291103095322801,-95.541000,29.184000,-0.200000,10.780776,132.283200,-121.502424,0.134157,0.134157,,0.134157,False,1970-1975
291114095213001,-95.359000,29.188000,3.010000,4.575048,102.108000,-97.532952,0.095590,0.095590,,0.095590,False,1970-1975
291125095372301,-95.623000,29.191000,-24.810000,10.351008,128.320800,-117.969792,0.102402,0.102402,,0.102402,False,1970-1975
291136095373101,-95.626000,29.194000,-23.300000,10.616184,127.101600,-116.485416,0.105282,0.105282,,0.105282,False,1970-1975
291201095200701,-95.336000,29.201000,-17.160000,4.328160,292.608000,-288.279840,0.076580,0.076580,,0.076580,False,1970-1975
291204095264001,-95.445000,29.201000,-13.810000,10.027920,245.973600,-235.945680,0.133459,0.133459,,0.133459,False,1970-1975
291210095484001,-95.811000,29.203000,2.070000,16.809720,144.170400,-127.360680,0.118645,0.118645,,0.118645,False,1970-1975
291338095202401,-95.340000,29.227000,1.940000,6.178296,71.628000,-65.449704,0.099021,0.099021,,0.099021,False,1970-1975
291545095202401,-95.341000,29.263000,-6.630000,7.924800,156.667200,-148.742400,0.086715,0.086715,,0.086715,False,1970-1975
291759095391401,-95.654000,29.300000,-5.250000,16.852392,146.913600,-130.061208,0.112783,0.112783,,0.112783,False,1970-1975
291808095261701,-95.438000,29.302000,-11.530000,12.271248,356.006400,-343.735152,0.099733,0.099733,,0.099733,False,1970-1975
291843095321401,-95.537000,29.312000,-10.790000,12.246864,269.748000,-257.501136,0.113424,0.113424,,0.113424,False,1970-1975
291859095152601,-95.257000,29.317000,-14.880000,7.549896,106.680000,-99.130104,0.095200,0.095200,,0.095200,False,1970-1975
291948095135401,-95.232000,29.330000,-22.240000,6.220968,121.920000,-115.699032,0.070508,0.070508,,0.070508,False,1970-1975
291949095024801,-95.047000,29.331000,-28.710000,6.016752,230.428800,-224.412048,0.003971,0.003971,,0.003971,False,1970-1975
292007094575401,-94.965000,29.336000,-41.100000,1.972056,193.243200,-191.271144,-0.079516,-0.079516,,-0.079516,False,1970-1975
292037095010501,-95.018000,29.344000,-28.180000,4.270248,329.184000,-324.913752,-0.061077,-0.061077,-0.047899,-0.047899,True,1970-1975
292050095010501,-95.018000,29.348000,-30.630000,4.888992,240.792000,-235.903008,-0.049636,-0.049636,-0.027525,-0.027525,True,1970-1975
292050095010801,-95.019000,29.348000,-35.720000,4.980432,219.456000,-214.475568,-0.069140,-0.069140,-0.068273,-0.068273,True,1970-1975
292054095171901,-95.289000,29.349000,-11.750000,9.067800,144.170400,-135.102600,0.086256,0.086256,,0.086256,False,1970-1975
292138095435801,-95.733000,29.361000,0.240000,22.799040,364.236000,-341.436960,0.072795,0.072795,,0.072795,False,1970-1975
292144095033601,-95.060000,29.363000,-32.680000,6.105144,269.443200,-263.338056,0.024003,0.024003,,0.024003,False,1970-1975
292151095035901,-95.067000,29.364000,-32.460000,6.245352,270.662400,-264.417048,0.023169,0.023169,,0.023169,False,1970-1975
292155095041001,-95.070000,29.366000,-33.850000,6.105144,266.090400,-259.985256,0.020735,0.020735,,0.020735,False,1970-1975
292155095451801,-95.755000,29.366000,-7.840000,23.384256,360.883200,-337.498944,0.072673,0.072673,,0.072673,False,1970-1975
292159095042101,-95.073000,29.367000,-32.090000,6.105144,263.956800,-257.851656,0.019188,0.019188,,0.019188,False,1970-1975
292203095043201,-95.076000,29.368000,-33.390000,7.223760,256.946400,-249.722640,0.019972,0.019972,,0.019972,False,1970-1975
292204095042901,-95.075000,29.368000,-34.720000,6.089904,266.395200,-260.305296,0.019612,0.019612,,0.019612,False,1970-1975
292204095043601,-95.077000,29.368000,-33.470000,7.519416,254.812800,-247.293384,0.018850,0.018850,,0.018850,False,1970-1975
292204095281301,-95.471000,29.368000,-6.370000,15.264384,281.330400,-266.066016,0.049138,0.049138,,0.049138,False,1970-1975
292205095043701,-95.077000,29.368000,-34.400000,7.363968,259.080000,-251.716032,0.020310,0.020310,,0.020310,False,1970-1975
292207094544001,-94.911000,29.369000,-60.520000,2.026920,196.596000,-194.569080,-0.155323,-0.150000,,-0.150000,False,1970-1975
292208095042701,-95.074000,29.369000,-32.880000,5.952744,236.220000,-230.267256,0.012963,0.012963,,0.012963,False,1970-1975
292209095042801,-95.075000,29.369000,-36.590000,5.821680,260.604000,-254.782320,0.013983,0.013983,,0.013983,False,1970-1975
292210095044501,-95.079000,29.370000,-34.010000,7.504176,256.032000,-248.527824,0.017860,0.017860,,0.017860,False,1970-1975
292211094543301,-94.909000,29.370000,-26.380000,2.295144,317.601600,-315.306456,-0.116239,-0.116239,,-0.116239,False,1970-1975
292211095044501,-95.079000,29.370000,-33.320000,7.339584,249.021600,-241.682016,0.019127,0.019127,,0.019127,False,1970-1975
292239094570301,-94.951000,29.378000,-26.440000,4.471416,306.324000,-301.852584,-0.166496,-0.150000,-0.192570,-0.192570,True,1970-1975
292305094554801,-94.930000,29.385000,-50.810000,4.108704,217.932000,-213.823296,-0.161307,-0.150000,,-0.150000,False,1970-1975
292314094563001,-94.942000,29.387000,-43.950000,3.044952,213.969600,-210.924648,-0.154518,-0.150000,-0.192570,-0.192570,True,1970-1975
292324094573801,-94.961000,29.390000,-42.940000,2.974848,224.637600,-221.662752,-0.124936,-0.124936,,-0.124936,False,1970-1975
292327094575901,-94.967000,29.391000,-49.800000,3.392424,196.291200,-192.898776,-0.119059,-0.119059,,-0.119059,False,1970-1975
292330094542701,-94.908000,29.392000,-53.850000,2.947416,232.867200,-229.919784,-0.118917,-0.118917,,-0.118917,False,1970-1975
292333094545001,-94.914000,29.393000,-52.590000,2.999232,232.562400,-229.563168,-0.128369,-0.128369,,-0.128369,False,1970-1975
292336094550901,-94.919000,29.394000,-50.550000,1.609344,234.086400,-232.477056,-0.113634,-0.113634,,-0.113634,False,1970-1975
292336095063301,-95.109000,29.394000,-38.680000,8.613648,245.364000,-236.750352,0.025873,0.025873,,0.025873,False,1970-1975
292337094542801,-94.908000,29.394000,-53.380000,3.005328,235.305600,-232.300272,-0.122690,-0.122690,,-0.122690,False,1970-1975
292338095063601,-95.110000,29.394000,-39.600000,8.479536,265.176000,-256.696464,0.029778,0.029778,,0.029778,False,1970-1975
292350095002201,-95.006000,29.398000,-31.180000,6.096000,266.395200,-260.299200,-0.041024,-0.041024,,-0.041024,False,1970-1975
292358095062001,-95.106000,29.400000,-41.440000,8.034528,236.524800,-228.490272,0.027866,0.027866,,0.027866,False,1970-1975
292359094544601,-94.913000,29.400000,-51.010000,1.524000,235.305600,-233.781600,-0.115298,-0.115298,,-0.115298,False,1970-1975
292359095501601,-95.838000,29.400000,8.710000,28.114752,132.588000,-104.473248,0.050039,0.050039,,0.050039,False,1970-1975
292403095052601,-95.091000,29.401000,-41.930000,7.888224,235.000800,-227.112576,0.023310,0.023310,,0.023310,False,1970-1975
292405095052101,-95.089000,29.402000,-43.480000,7.680960,234.696000,-227.015040,0.022709,0.022709,,0.022709,False,1970-1975
292409095422501,-95.707000,29.403000,-12.600000,20.226528,158.496000,-138.269472,0.083178,0.083178,,0.083178,False,1970-1975
292416095424701,-95.713000,29.405000,-12.260000,20.433792,158.496000,-138.062208,0.082108,0.082108,,0.082108,False,1970-1975
292431094555601,-94.933000,29.409000,-28.610000,2.060448,272.491200,-270.430752,-0.112384,-0.112384,,-0.112384,False,1970-1975
292439094553101,-94.926000,29.411000,-36.890000,1.837944,239.268000,-237.430056,-0.031772,-0.031772,,-0.031772,False,1970-1975
292440095053801,-95.094000,29.411000,-40.740000,7.153656,232.867200,-225.713544,0.022888,0.022888,0.041571,0.041571,True,1970-1975
292443095045201,-95.081000,29.412000,-42.340000,7.601712,238.048800,-230.447088,0.029926,0.029926,0.031123,0.031123,True,1970-1975
292456095560101,-95.934000,29.416000,16.030000,28.980384,171.907200,-142.926816,-0.000603,-0.000603,,-0.000603,False,1970-1975
292458094534201,-94.895000,29.416000,-8.710000,1.615440,64.008000,-62.392560,0.045865,0.045865,,0.045865,False,1970-1975
292458094534202,-94.895000,29.416000,-19.650000,1.615440,92.049600,-90.434160,0.027545,0.027545,0.043300,0.043300,True,1970-1975
292458094534203,-94.895000,29.416000,-29.980000,1.615440,121.920000,-120.304560,-0.013425,-0.013425,-0.015920,-0.015920,True,1970-1975
292458094534204,-94.895000,29.416000,-36.220000,1.615440,163.068000,-161.452560,-0.016416,-0.016416,,-0.016416,False,1970-1975
292458094534205,-94.895000,29.416000,-27.970000,1.615440,323.088000,-321.472560,0.004917,0.004917,0.008184,0.008184,True,1970-1975
292458094534206,-94.895000,29.416000,-27.320000,1.789176,243.840000,-242.050824,0.011326,0.011326,0.008184,0.008184,True,1970-1975
292458095441501,-95.738000,29.416000,-5.960000,21.576792,192.024000,-170.447208,0.064608,0.064608,,0.064608,False,1970-1975
292459095451901,-95.756000,29.417000,7.910000,22.427184,193.852800,-171.425616,0.097889,0.097889,,0.097889,False,1970-1975
292500095451701,-95.755000,29.417000,3.320000,22.418040,201.168000,-178.749960,0.085183,0.085183,,0.085183,False,1970-1975
292508095141401,-95.237000,29.419000,-42.660000,12.313920,224.028000,-211.714080,0.042647,0.042647,,0.042647,False,1970-1975
292516094560701,-94.936000,29.421000,-43.020000,1.524000,199.948800,-198.424800,-0.066504,-0.066504,,-0.066504,False,1970-1975
292527095561701,-95.938000,29.424000,16.240000,29.016960,122.834400,-93.817440,-0.007172,-0.007172,-0.015767,-0.015767,True,1970-1975
292530095560701,-95.936000,29.425000,16.330000,28.949904,73.152000,-44.202096,0.002672,0.002672,,0.002672,False,1970-1975
292533095052101,-95.089000,29.426000,-46.520000,4.663440,369.417600,-364.754160,0.007273,0.007273,0.023515,0.023515,True,1970-1975
292533095052701,-95.091000,29.426000,-44.360000,5.721096,234.696000,-228.974904,0.015709,0.015709,0.015908,0.015908,True,1970-1975
292534095044501,-95.079000,29.426000,-44.590000,6.483096,246.888000,-240.404904,0.020439,0.020439,0.015521,0.015521,True,1970-1975
292535095151802,-95.255000,29.427000,-47.290000,12.935712,208.788000,-195.852288,0.039264,0.039264,,0.039264,False,1970-1975
292542095082301,-95.140000,29.429000,-45.220000,6.263640,206.349600,-200.085960,0.012354,0.012354,,0.012354,False,1970-1975
292548094565601,-94.949000,29.430000,-42.980000,1.517904,210.921600,-209.403696,-0.055015,-0.055015,,-0.055015,False,1970-1975
292603095571401,-95.954000,29.434000,15.820000,28.995624,180.136800,-151.141176,-0.007579,-0.007579,,-0.007579,False,1970-1975
292605095571301,-95.954000,29.435000,17.140000,28.931616,179.832000,-150.900384,-0.014992,-0.014992,-0.015644,-0.015644,True,1970-1975
292611095012901,-95.025000,29.437000,-30.910000,5.440680,213.360000,-207.919320,-0.004018,-0.004018,-0.016391,-0.016391,True,1970-1975
292611095563901,-95.944000,29.437000,16.260000,29.775912,189.890400,-160.114488,0.002424,0.002424,,0.002424,False,1970-1975
292617095065501,-95.116000,29.438000,-45.820000,5.769864,224.332800,-218.562936,0.016915,0.016915,,0.016915,False,1970-1975
292617095561201,-95.937000,29.438000,16.120000,29.419296,114.604800,-85.185504,-0.008010,-0.008010,-0.015522,-0.015522,True,1970-1975
292619095060601,-95.102000,29.439000,-46.050000,5.111496,228.600000,-223.488504,0.007578,0.007578,,0.007578,False,1970-1975
292647095014901,-95.031000,29.447000,-32.000000,4.882896,146.304000,-141.421104,-0.006312,-0.006312,-0.016391,-0.016391,True,1970-1975
292724095045401,-95.082000,29.457000,-42.200000,3.614928,165.811200,-162.196272,0.006445,0.006445,,0.006445,False,1970-1975
292832095211201,-95.354000,29.476000,-21.830000,16.328136,173.736000,-157.407864,0.055956,0.055956,,0.055956,False,1970-1975
292838095375401,-95.632000,29.477000,-15.420000,21.418296,259.384800,-237.966504,0.094011,0.094011,,0.094011,False,1970-1975
292841094584901,-94.984000,29.481000,-50.100000,3.264408,201.168000,-197.903592,-0.035338,-0.035338,,-0.035338,False,1970-1975
292848094590001,-94.981000,29.478000,-52.810000,3.176016,198.424800,-195.248784,-0.030190,-0.030190,,-0.030190,False,1970-1975
292852095210601,-95.352000,29.481000,13.710000,17.141952,61.569600,-44.427648,0.163470,0.150000,,0.150000,False,1970-1975
292853095381301,-95.637000,29.482000,-7.580000,21.732240,244.754400,-223.022160,0.066407,0.066407,,0.066407,False,1970-1975
292859095380501,-95.635000,29.483000,-9.680000,20.698968,259.994400,-239.295432,0.068918,0.068918,,0.068918,False,1970-1975
292900094585501,-94.983000,29.483000,-51.010000,3.858768,202.387200,-198.528432,-0.031209,-0.031209,,-0.031209,False,1970-1975
292903095375501,-95.632000,29.484000,-7.220000,22.201632,213.969600,-191.767968,0.061856,0.061856,,0.061856,False,1970-1975
292913094584301,-94.979000,29.487000,-50.870000,3.502152,202.996800,-199.494648,-0.031209,-0.031209,,-0.031209,False,1970-1975
292916095563601,-95.944000,29.488000,11.830000,30.830520,323.392800,-292.562280,0.063378,0.063378,,0.063378,False,1970-1975
292927095195801,-95.333000,29.491000,-17.910000,17.062704,146.304000,-129.241296,0.065186,0.065186,,0.065186,False,1970-1975
292933094544002,-94.911000,29.493000,-9.550000,3.054096,60.960000,-57.905904,0.037806,0.037806,,0.037806,False,1970-1975
292935094583301,-94.978000,29.492000,-55.210000,3.496056,204.216000,-200.719944,-0.032980,-0.032980,,-0.032980,False,1970-1975
292935095144601,-95.246000,29.493000,-38.440000,11.585448,117.652800,-106.067352,0.048170,0.048170,,0.048170,False,1970-1975
292941094563001,-94.942000,29.495000,-51.210000,2.990088,204.216000,-201.225912,-0.053015,-0.053015,,-0.053015,False,1970-1975
293004095054601,-95.096000,29.501000,-56.170000,6.038088,231.648000,-225.609912,0.026572,0.026572,0.041593,0.041593,True,1970-1975
293005095151801,-95.255000,29.515000,-48.100000,12.417552,180.136800,-167.719248,0.028645,0.028645,,0.028645,False,1970-1975
293008095330601,-95.552000,29.503000,-3.100000,17.330928,128.016000,-110.685072,0.095506,0.095506,,0.095506,False,1970-1975
293023095273101,-95.459000,29.507000,-6.730000,19.458432,139.903200,-120.444768,0.101565,0.101565,,0.101565,False,1970-1975
293032095064301,-95.112000,29.509000,-55.180000,2.971800,182.880000,-179.908200,0.022362,0.022362,,0.022362,False,1970-1975
293034095150301,-95.251000,29.510000,-30.670000,12.515088,105.460800,-92.945712,0.064808,0.064808,,0.064808,False,1970-1975
293039095053201,-95.093000,29.511000,-53.690000,4.703064,170.688000,-165.984936,0.030739,0.030739,0.041593,0.041593,True,1970-1975
293116095323101,-95.542000,29.521000,-17.050000,16.760952,170.688000,-153.927048,0.063890,0.063890,,0.063890,False,1970-1975
293148095060801,-95.103000,29.530000,-65.610000,3.459480,193.852800,-190.393320,-0.006150,-0.006150,,-0.006150,False,1970-1975
293156094515501,-94.866000,29.532000,-31.260000,0.000000,208.178400,-208.178400,0.006159,0.006159,,0.006159,False,1970-1975
293200095175201,-95.298000,29.534000,-32.180000,14.081760,96.926400,-82.844640,0.046075,0.046075,,0.046075,False,1970-1975
293202095070301,-95.118000,29.533000,-61.180000,6.294120,196.596000,-190.301880,0.024403,0.024403,,0.024403,False,1970-1975
293207095061501,-95.104000,29.535000,-61.070000,5.599176,202.387200,-196.788024,0.018944,0.018944,,0.018944,False,1970-1975
293222095020301,-95.034000,29.540000,-55.630000,2.090928,179.832000,-177.741072,-0.045281,-0.045281,,-0.045281,False,1970-1975
293228095282501,-95.474000,29.541000,-7.320000,21.756624,179.222400,-157.465776,0.103447,0.103447,,0.103447,False,1970-1975
293229095352301,-95.590000,29.542000,-1.660000,18.175224,72.847200,-54.671976,0.092704,0.092704,,0.092704,False,1970-1975
293229095352801,-95.591000,29.542000,-0.910000,19.827240,75.285600,-55.458360,0.096444,0.096444,,0.096444,False,1970-1975
293304095344901,-95.581000,29.551000,-21.360000,20.153376,136.550400,-116.397024,0.084856,0.084856,,0.084856,False,1970-1975
293306095054101,-95.096000,29.552000,-49.270000,5.989320,234.696000,-228.706680,0.060712,0.060712,,0.060712,False,1970-1975
293308095395101,-95.664000,29.552000,-21.300000,21.732240,98.145600,-76.413360,0.053731,0.053731,,0.053731,False,1970-1975
293311095200201,-95.334000,29.553000,-32.340000,15.450312,135.636000,-120.185688,0.044297,0.044297,,0.044297,False,1970-1975
293312095071501,-95.121000,29.554000,-59.700000,6.144768,201.168000,-195.023232,0.032795,0.032795,,0.032795,False,1970-1975
293315095063401,-95.110000,29.554000,-60.680000,5.422392,200.253600,-194.831208,0.027980,0.027980,,0.027980,False,1970-1975
293316095563801,-95.944000,29.555000,13.080000,35.112960,241.706400,-206.593440,0.074392,0.074392,,0.074392,False,1970-1975
293319095194901,-95.331000,29.556000,-28.410000,15.657576,97.536000,-81.878424,0.050608,0.050608,,0.050608,False,1970-1975
293321095550901,-95.922000,29.561000,12.290000,33.726120,234.696000,-200.969880,0.080024,0.080024,,0.080024,False,1970-1975
293342095333601,-95.560000,29.561000,-86.740000,21.390864,327.355200,-305.964336,0.073009,0.073009,,0.073009,False,1970-1975
293344095082301,-95.140000,29.563000,-57.700000,9.866376,193.548000,-183.681624,0.053503,0.053503,,0.053503,False,1970-1975
293352095011601,-95.021000,29.565000,-49.850000,2.523744,420.928800,-418.405056,-0.049686,-0.049686,-0.062675,-0.062675,True,1970-1975
293352095011602,-95.021000,29.565000,-50.460000,2.453640,420.928800,-418.475160,-0.049368,-0.049368,-0.059094,-0.059094,True,1970-1975
293352095011603,-95.021000,29.565000,-51.240000,2.453640,398.678400,-396.224760,-0.050001,-0.050001,-0.062783,-0.062783,True,1970-1975
293352095011605,-95.021000,29.565000,-23.870000,2.453640,91.440000,-88.986360,0.017798,0.017798,,0.017798,False,1970-1975
293352095011606,-95.021000,29.565000,-59.050000,2.453640,280.416000,-277.962360,-0.058459,-0.058459,-0.063320,-0.063320,True,1970-1975
293353095011501,-95.021000,29.565000,-69.640000,2.752344,165.506400,-162.754056,-0.083313,-0.083313,-0.078110,-0.078110,True,1970-1975
293400095072601,-95.124000,29.567000,-62.490000,7.254240,193.548000,-186.293760,0.031378,0.031378,,0.031378,False,1970-1975
293402095054401,-95.096000,29.567000,-69.200000,5.446776,182.880000,-177.433224,0.007492,0.007492,,0.007492,False,1970-1975
293406095185401,-95.315000,29.569000,-28.120000,15.020544,91.135200,-76.114656,0.084014,0.084014,,0.084014,False,1970-1975
293414095544501,-95.913000,29.571000,11.070000,34.658808,245.364000,-210.705192,0.086899,0.086899,,0.086899,False,1970-1975
293416095170701,-95.286000,29.572000,-44.860000,14.042136,396.240000,-382.197864,0.032809,0.032809,,0.032809,False,1970-1975
293416095221001,-95.370000,29.571000,-27.460000,16.584168,88.696800,-72.112632,0.084465,0.084465,,0.084465,False,1970-1975
293424095031001,-95.053000,29.574000,-63.350000,3.547872,190.195200,-186.647328,0.007260,0.007260,,0.007260,False,1970-1975
293425095590501,-95.985000,29.574000,14.710000,35.801808,285.597600,-249.795792,0.076481,0.076481,,0.076481,False,1970-1975
293434095311501,-95.521000,29.576000,-40.850000,23.228808,398.678400,-375.449592,0.063817,0.063817,0.088305,0.088305,True,1970-1975
293443095014601,-95.030000,29.579000,-63.030000,4.532376,202.692000,-198.159624,-0.058699,-0.058699,-0.058290,-0.058290,True,1970-1975
293446095033901,-95.061000,29.580000,-65.590000,4.617720,201.168000,-196.550280,0.024599,0.024599,,0.024599,False,1970-1975
293450095165501,-95.282000,29.581000,-60.480000,14.295120,323.697600,-309.402480,0.062234,0.062234,,0.062234,False,1970-1975
293450095263001,-95.442000,29.581000,-20.340000,19.013424,111.252000,-92.238576,0.119683,0.119683,,0.119683,False,1970-1975
293455095255602,-95.433000,29.582000,-49.330000,18.553176,181.660800,-163.107624,0.024160,0.024160,,0.024160,False,1970-1975
293458095321001,-95.536000,29.583000,-34.660000,22.917912,328.269600,-305.351688,0.084947,0.084947,0.088305,0.088305,True,1970-1975
293503095135501,-95.232000,29.584000,-61.550000,11.113008,354.177600,-343.064592,0.101737,0.101737,0.108621,0.108621,True,1970-1975
293514095330201,-95.551000,29.587000,-40.430000,21.207984,344.424000,-323.216016,0.062985,0.062985,,0.062985,False,1970-1975
293523094594601,-94.996000,29.590000,-65.210000,3.553968,175.564800,-172.010832,-0.031523,-0.031523,,-0.031523,False,1970-1975
293528095140301,-95.234000,29.591000,-69.520000,11.195304,427.634400,-416.439096,0.075555,0.075555,0.108621,0.108621,True,1970-1975
293531095121401,-95.204000,29.592000,-70.670000,9.460992,327.660000,-318.199008,0.060005,0.060005,,0.060005,False,1970-1975
293539095051601,-95.088000,29.594000,-67.840000,2.392680,183.184800,-180.792120,0.031500,0.031500,,0.031500,False,1970-1975
293541095374801,-95.630000,29.595000,-3.210000,21.537168,92.049600,-70.512432,0.113346,0.113346,,0.113346,False,1970-1975
293543095134201,-95.229000,29.596000,-52.890000,9.872472,345.948000,-336.075528,0.087719,0.087719,,0.087719,False,1970-1975
293546095101501,-95.171000,29.596000,-56.920000,8.653272,170.078400,-161.425128,0.078594,0.078594,,0.078594,False,1970-1975
293553095544801,-95.914000,29.598000,19.020000,34.320480,132.588000,-98.267520,0.077562,0.077562,,0.077562,False,1970-1975
293600094592702,-94.991000,29.600000,-67.590000,3.956304,186.537600,-182.581296,-0.032493,-0.032493,,-0.032493,False,1970-1975
293600095275901,-95.467000,29.600000,-48.650000,18.669000,277.368000,-258.699000,0.069999,0.069999,0.099802,0.099802,True,1970-1975
293604095554101,-95.928000,29.601000,19.800000,33.909000,85.344000,-51.435000,0.079561,0.079561,,0.079561,False,1970-1975
293611095271902,-95.456000,29.603000,-58.370000,18.812256,374.904000,-356.091744,0.104516,0.104516,,0.104516,False,1970-1975
293612095405401,-95.682000,29.604000,-1.620000,24.006048,100.279200,-76.273152,0.085395,0.085395,,0.085395,False,1970-1975
293617095292201,-95.490000,29.605000,-19.600000,20.720304,249.936000,-229.215696,0.122218,0.122218,,0.122218,False,1970-1975
293628095312801,-95.524000,29.607000,-43.610000,22.043136,382.828800,-360.785664,0.083058,0.083058,0.115499,0.115499,True,1970-1975
293636095133801,-95.228000,29.610000,-89.560000,11.426952,368.808000,-357.381048,0.052443,0.052443,,0.052443,False,1970-1975
293638095164801,-95.280000,29.611000,-67.040000,13.106400,379.476000,-366.369600,0.066648,0.066648,,0.066648,False,1970-1975
293638095355801,-95.600000,29.611000,-29.740000,21.969984,303.276000,-281.306016,0.066502,0.066502,,0.066502,False,1970-1975
293641095545001,-95.914000,29.612000,20.090000,35.024568,133.502400,-98.477832,0.085048,0.085048,,0.085048,False,1970-1975
293643095355901,-95.600000,29.612000,-23.800000,21.707856,274.320000,-252.612144,0.068466,0.068466,,0.068466,False,1970-1975
293644095045501,-95.082000,29.613000,-74.480000,4.114800,188.366400,-184.251600,0.024711,0.024711,,0.024711,False,1970-1975
293644095303301,-95.509000,29.613000,-17.240000,21.147024,153.619200,-132.472176,0.124694,0.124694,0.142460,0.142460,True,1970-1975
293648095394601,-95.663000,29.614000,-3.930000,23.259288,124.053600,-100.794312,0.090608,0.090608,,0.090608,False,1970-1975
293709095024801,-95.047000,29.619000,-70.970000,3.063240,198.120000,-195.056760,-0.020150,-0.020150,-0.044073,-0.044073,True,1970-1975
293709095024802,-95.047000,29.619000,-66.940000,3.063240,289.560000,-286.496760,-0.015967,-0.015967,-0.044073,-0.044073,True,1970-1975
293717095240501,-95.402000,29.622000,-53.820000,15.319248,234.391200,-219.071952,0.070553,0.070553,,0.070553,False,1970-1975
293717095380501,-95.638000,29.622000,-41.210000,24.704040,477.012000,-452.307960,0.081449,0.081449,0.086540,0.086540,True,1970-1975
293717095380801,-95.636000,29.622000,-22.690000,24.060912,221.284800,-197.223888,0.071162,0.071162,0.081932,0.081932,True,1970-1975
293719095381601,-95.637000,29.622000,-20.100000,24.795480,267.004800,-242.209320,0.051746,0.051746,0.100477,0.100477,True,1970-1975
293724095115901,-95.200000,29.624000,-71.770000,12.335256,253.593600,-241.258344,0.053423,0.053423,,0.053423,False,1970-1975
293725095282802,-95.475000,29.624000,-55.660000,17.376648,387.096000,-369.719352,0.111040,0.111040,,0.111040,False,1970-1975
293729095311601,-95.521000,29.625000,-45.920000,20.942808,365.760000,-344.817192,0.090957,0.090957,0.135063,0.135063,True,1970-1975
293732095044101,-95.078000,29.626000,-70.430000,2.380488,178.917600,-176.537112,0.026061,0.026061,,0.026061,False,1970-1975
293732095300601,-95.502000,29.626000,-51.970000,20.116800,365.760000,-345.643200,0.144666,0.144666,0.162921,0.162921,True,1970-1975
293733095303701,-95.511000,29.626000,-49.060000,20.951952,365.760000,-344.808048,0.109281,0.109281,0.149857,0.149857,True,1970-1975
293734095293701,-95.494000,29.626000,-52.100000,19.168872,366.979200,-347.810328,0.096382,0.096382,,0.096382,False,1970-1975
293736095285301,-95.482000,29.627000,-54.110000,17.806416,362.712000,-344.905584,0.112057,0.112057,,0.112057,False,1970-1975
293736095365501,-95.617000,29.629000,-48.730000,24.932640,507.492000,-482.559360,0.080621,0.080621,0.091261,0.091261,True,1970-1975
293738095260501,-95.435000,29.628000,-53.880000,16.413480,292.608000,-276.194520,0.030209,0.030209,0.008222,0.008222,True,1970-1975
293738095260502,-95.435000,29.628000,-54.920000,16.413480,419.100000,-402.686520,0.012226,0.012226,0.008222,0.008222,True,1970-1975
293741095010101,-95.017000,29.628000,-68.170000,3.081528,289.560000,-286.478472,-0.005523,-0.005523,,-0.005523,False,1970-1975
293831095270901,-95.453000,29.642000,-66.200000,18.467832,437.692800,-419.224968,0.036960,0.036960,0.045232,0.045232,True,1970-1975
293832095352001,-95.589000,29.642000,-32.170000,24.752808,495.300000,-470.547192,-0.004622,-0.004622,-0.010397,-0.010397,True,1970-1975
293847095330601,-95.552000,29.647000,-39.450000,22.174200,268.224000,-246.049800,0.081904,0.081904,,0.081904,False,1970-1975
293849095270701,-95.452000,29.647000,-74.330000,18.885408,386.181600,-367.296192,0.046477,0.046477,0.020606,0.020606,True,1970-1975
293852095242602,-95.407000,29.648000,-6.520000,17.977104,138.684000,-120.706896,0.130317,0.130317,,0.130317,False,1970-1975
293853095243002,-95.409000,29.648000,-6.540000,17.955768,138.684000,-120.728232,0.124859,0.124859,,0.124859,False,1970-1975
293854095270701,-95.452000,29.649000,-78.760000,18.778728,601.065600,-582.286872,0.063061,0.063061,0.063017,0.063017,True,1970-1975
293903095270601,-95.452000,29.651000,-60.390000,19.205448,309.981600,-290.776152,0.055513,0.055513,0.063017,0.063017,True,1970-1975
293906095171801,-95.289000,29.652000,-89.210000,12.853416,569.976000,-557.122584,0.030666,0.030666,,0.030666,False,1970-1975
293909095012201,-95.023000,29.653000,-75.870000,4.443984,176.174400,-171.730416,-0.058713,-0.058713,,-0.058713,False,1970-1975
293911095345601,-95.582000,29.653000,-30.110000,24.649176,316.992000,-292.342824,0.032901,0.032901,0.011560,0.011560,True,1970-1975
293913095355001,-95.597000,29.654000,-38.000000,25.121616,315.468000,-290.346384,0.004503,0.004503,-0.032353,-0.032353,True,1970-1975
293917095191301,-95.321000,29.655000,-73.350000,11.009376,271.272000,-260.262624,0.064145,0.064145,0.043280,0.043280,True,1970-1975
293922095185501,-95.316000,29.656000,-84.770000,10.290048,560.832000,-550.541952,0.028596,0.028596,0.039341,0.039341,True,1970-1975
293938095351001,-95.586000,29.661000,-34.500000,24.292560,335.889600,-311.597040,0.038288,0.038288,,0.038288,False,1970-1975
293939095190201,-95.317000,29.661000,-86.550000,11.868912,551.688000,-539.819088,0.030686,0.030686,0.047218,0.047218,True,1970-1975
293942095283101,-95.474000,29.662000,-68.980000,17.714976,528.828000,-511.113024,0.075350,0.075350,0.080062,0.080062,True,1970-1975
293942095283201,-95.476000,29.662000,-21.180000,17.852136,82.600800,-64.748664,0.141869,0.141869,,0.141869,False,1970-1975
293946094532701,-94.891000,29.663000,-45.520000,7.019544,216.103200,-209.083656,0.000961,0.000961,,0.000961,False,1970-1975
293946095441701,-95.738000,29.663000,4.340000,30.111192,160.934400,-130.823208,0.065643,0.065643,,0.065643,False,1970-1975
293949095024301,-95.046000,29.664000,-82.290000,5.955792,178.308000,-172.352208,-0.056859,-0.056859,,-0.056859,False,1970-1975
293949095321201,-95.537000,29.664000,-48.940000,20.570952,291.084000,-270.513048,0.091824,0.091824,,0.091824,False,1970-1975
293957095294901,-95.497000,29.666000,-60.540000,17.650968,542.544000,-524.893032,0.052170,0.052170,,0.052170,False,1970-1975
293958095221401,-95.371000,29.666000,-92.780000,13.752576,373.380000,-359.627424,0.073905,0.073905,,0.073905,False,1970-1975
293959095380401,-95.635000,29.667000,-26.880000,26.609040,274.929600,-248.320560,0.045240,0.045240,,0.045240,False,1970-1975
294004095275801,-95.466000,29.668000,-60.370000,16.379952,365.150400,-348.770448,0.070636,0.070636,0.059309,0.059309,True,1970-1975
294026095362001,-95.606000,29.674000,-35.000000,25.636728,304.800000,-279.163272,0.023461,0.023461,,0.023461,False,1970-1975
294027095045601,-95.082000,29.674000,-78.770000,7.894320,128.016000,-120.121680,0.062084,0.062084,0.063063,0.063063,True,1970-1975
294027095050301,-95.084000,29.674000,-78.330000,8.330184,126.492000,-118.161816,0.062084,0.062084,0.064251,0.064251,True,1970-1975
294027095265501,-95.449000,29.674000,-57.990000,16.343376,246.888000,-230.544624,0.050908,0.050908,0.052388,0.052388,True,1970-1975
294028095305701,-95.516000,29.675000,-48.620000,18.854928,218.236800,-199.381872,0.060232,0.060232,0.068028,0.068028,True,1970-1975
294029095354301,-95.596000,29.675000,-44.120000,25.200864,364.236000,-339.035136,0.011276,0.011276,-0.034015,-0.034015,True,1970-1975
294031095305701,-95.516000,29.676000,-65.670000,18.236184,406.908000,-388.671816,0.057904,0.057904,0.062358,0.062358,True,1970-1975
294044095280501,-95.468000,29.680000,-72.320000,14.609064,545.592000,-530.982936,0.076767,0.076767,0.056640,0.056640,True,1970-1975
294044095301001,-95.503000,29.679000,-65.560000,17.419320,539.496000,-522.076680,0.044950,0.044950,0.052495,0.052495,True,1970-1975
294045095583701,-95.977000,29.679000,15.120000,35.140392,335.280000,-300.139608,0.066215,0.066215,,0.066215,False,1970-1975
294047095345601,-95.582000,29.680000,-51.390000,24.457152,292.608000,-268.150848,-0.011357,-0.011357,-0.036141,-0.036141,True,1970-1975
294054095054201,-95.095000,29.682000,-95.430000,8.583168,392.887200,-384.304032,0.073971,0.073971,0.063184,0.063184,True,1970-1975
294059095044401,-95.079000,29.683000,-79.120000,7.555992,133.197600,-125.641608,0.054906,0.054906,0.063055,0.063055,True,1970-1975
294059095271001,-95.453000,29.683000,-77.050000,14.548104,569.976000,-555.427896,0.051803,0.051803,0.058667,0.058667,True,1970-1975
294104095295303,-95.498000,29.668000,-70.000000,18.211800,531.876000,-513.664200,0.067162,0.067162,0.051335,0.051335,True,1970-1975
294105095070001,-95.117000,29.685000,-100.640000,8.750808,344.424000,-335.673192,0.092840,0.092840,,0.092840,False,1970-1975
294106095171201,-95.287000,29.685000,-87.820000,10.271760,267.004800,-256.733040,0.041459,0.041459,0.048275,0.048275,True,1970-1975
294106095455401,-95.765000,29.685000,5.670000,31.473648,158.496000,-127.022352,0.050459,0.050459,,0.050459,False,1970-1975
294107095262401,-95.440000,29.686000,-76.340000,14.898624,566.928000,-552.029376,0.049988,0.049988,0.057079,0.057079,True,1970-1975
294108095044101,-95.078000,29.686000,-79.010000,7.659624,132.588000,-124.928376,0.061972,0.061972,0.063306,0.063306,True,1970-1975
294117095162301,-95.273000,29.688000,-101.170000,6.220968,539.496000,-533.275032,0.072255,0.072255,0.078167,0.078167,True,1970-1975
294126095154901,-95.264000,29.691000,-112.560000,-0.124968,638.556000,-638.680968,0.060141,0.060141,0.070122,0.070122,True,1970-1975
294127095220501,-95.368000,29.691000,-84.110000,13.658088,597.408000,-583.749912,-0.010004,-0.010004,,-0.010004,False,1970-1975
294131095360701,-95.602000,29.692000,-39.380000,24.536400,502.920000,-478.383600,-0.025098,-0.025098,-0.034015,-0.034015,True,1970-1975
294136095024601,-95.046000,29.694000,-85.970000,7.217664,182.270400,-175.052736,-0.058716,-0.058716,-0.052796,-0.052796,True,1970-1975
294144095351001,-95.586000,29.696000,-44.650000,22.369272,477.012000,-454.642728,-0.019676,-0.019676,-0.036141,-0.036141,True,1970-1975
294146095020501,-95.035000,29.696000,-87.850000,7.418832,157.581600,-150.162768,-0.056978,-0.056978,-0.056730,-0.056730,True,1970-1975
294147095344301,-95.579000,29.696000,-47.940000,21.753576,501.091200,-479.337624,-0.015337,-0.015337,-0.016336,-0.016336,True,1970-1975
294149095363001,-95.609000,29.697000,-43.180000,24.704040,485.546400,-460.842360,0.003487,0.003487,,0.003487,False,1970-1975
294155095051401,-95.088000,29.699000,-83.350000,9.781032,153.924000,-144.142968,0.130636,0.130636,,0.130636,False,1970-1975
294158095024701,-95.047000,29.700000,-89.610000,7.647432,180.136800,-172.489368,-0.060238,-0.060238,-0.081638,-0.081638,True,1970-1975
294159095024601,-95.046000,29.700000,-85.920000,7.263384,172.821600,-165.558216,-0.059366,-0.059366,-0.048504,-0.048504,True,1970-1975
294201095355601,-95.599000,29.701000,-42.260000,23.874984,494.080800,-470.205816,0.015971,0.015971,,0.015971,False,1970-1975
294206095162601,-95.274000,29.702000,-101.460000,9.476232,303.276000,-293.799768,0.042236,0.042236,0.032185,0.032185,True,1970-1975
294207095022001,-95.039000,29.702000,-79.690000,7.446264,301.447200,-294.000936,-0.036285,-0.036285,-0.054763,-0.054763,True,1970-1975
294208095280501,-95.468000,29.703000,-89.480000,16.541496,482.193600,-465.652104,0.080175,0.080175,0.093687,0.093687,True,1970-1975
294208095280701,-95.469000,29.703000,-64.620000,16.718280,217.017600,-200.299320,0.086964,0.086964,0.093687,0.093687,True,1970-1975
294213095322001,-95.539000,29.704000,-60.150000,20.692872,460.248000,-439.555128,0.009469,0.009469,0.008967,0.008967,True,1970-1975
294215095301501,-95.504000,29.704000,-71.430000,19.583400,469.087200,-449.503800,0.025073,0.025073,0.014535,0.014535,True,1970-1975
294216095301601,-95.505000,29.705000,-68.920000,19.449288,296.265600,-276.816312,0.047428,0.047428,0.014535,0.014535,True,1970-1975
294216095321501,-95.539000,29.705000,-58.750000,21.378672,304.800000,-283.421328,0.047360,0.047360,0.008967,0.008967,True,1970-1975
294216095533001,-95.892000,29.705000,4.180000,43.120056,256.641600,-213.521544,0.115424,0.115424,,0.115424,False,1970-1975
294219095054001,-95.095000,29.706000,-86.160000,7.940040,155.448000,-147.507960,0.132580,0.132580,0.134223,0.134223,True,1970-1975
294230095232201,-95.390000,29.709000,-87.840000,11.920728,555.345600,-543.424872,0.024545,0.024545,,0.024545,False,1970-1975
294237095093202,-95.159000,29.711000,-35.830000,8.467344,118.872000,-110.404656,0.137293,0.137293,,0.137293,False,1970-1975
294243095044201,-95.079000,29.712000,-110.670000,8.537448,291.998400,-283.460952,0.172653,0.150000,0.183250,0.183250,True,1970-1975
294244095064201,-95.112000,29.712000,-120.660000,6.937248,411.480000,-404.542752,0.075949,0.075949,0.071109,0.071109,True,1970-1975
294245095035801,-95.066000,29.713000,-85.500000,5.846064,185.928000,-180.081936,0.070532,0.070532,,0.070532,False,1970-1975
294245095233501,-95.393000,29.713000,-92.500000,13.758672,541.629600,-527.870928,0.019802,0.019802,-0.022855,-0.022855,True,1970-1975
294251095225701,-95.383000,29.714000,-88.540000,12.850368,509.016000,-496.165632,0.026200,0.026200,0.031643,0.031643,True,1970-1975
294253095352701,-95.591000,29.715000,-57.620000,22.482048,362.102400,-339.620352,0.015133,0.015133,,0.015133,False,1970-1975
294258095064401,-95.112000,29.716000,-111.140000,6.854952,411.480000,-404.625048,0.080285,0.080285,0.083128,0.083128,True,1970-1975
294258095372501,-95.624000,29.716000,-20.010000,24.076152,143.256000,-119.179848,0.096922,0.096922,0.111294,0.111294,True,1970-1975
294258095483601,-95.810000,29.716000,2.970000,36.146232,231.648000,-195.501768,0.079430,0.079430,0.083528,0.083528,True,1970-1975
294302095070001,-95.117000,29.718000,-123.810000,3.840480,434.340000,-430.499520,0.091234,0.091234,0.117459,0.117459,True,1970-1975
294302095234301,-95.396000,29.718000,-91.260000,13.758672,595.884000,-582.125328,0.016969,0.016969,0.004394,0.004394,True,1970-1975
294302095411801,-95.688000,29.718000,-2.810000,28.172664,195.072000,-166.899336,-0.002615,-0.002615,-0.027994,-0.027994,True,1970-1975
294303095152603,-95.257000,29.718000,-42.730000,7.367016,89.611200,-82.244184,0.132611,0.132611,,0.132611,False,1970-1975
294311095071401,-95.121000,29.720000,-123.160000,6.309360,260.604000,-254.294640,0.069106,0.069106,,0.069106,False,1970-1975
294315095133201,-95.226000,29.721000,-109.850000,6.260592,286.512000,-280.251408,0.036361,0.036361,0.041102,0.041102,True,1970-1975
294315095133202,-95.226000,29.721000,-49.960000,6.260592,97.231200,-90.970608,0.133069,0.133069,,0.133069,False,1970-1975
294317095313001,-95.524000,29.722000,-74.880000,20.732496,491.337600,-470.605104,0.005096,0.005096,,0.005096,False,1970-1975
294318095344501,-95.576000,29.726000,-22.360000,23.411688,213.055200,-189.643512,0.130062,0.130062,,0.130062,False,1970-1975
294319095160301,-95.268000,29.722000,-114.800000,9.653016,336.499200,-326.846184,0.060752,0.060752,,0.060752,False,1970-1975
294319095305901,-95.517000,29.722000,-63.690000,20.293584,447.751200,-427.457616,0.005622,0.005622,,0.005622,False,1970-1975
294321095302201,-95.506000,29.723000,-75.990000,19.220688,445.617600,-426.396912,0.024683,0.024683,0.058426,0.058426,True,1970-1975
294322095041701,-95.072000,29.723000,-87.520000,8.071104,165.201600,-157.130496,0.156102,0.150000,0.183250,0.183250,True,1970-1975
294323095300101,-95.501000,29.723000,-83.420000,19.821144,420.624000,-400.802856,0.042290,0.042290,,0.042290,False,1970-1975
294326095133901,-95.228000,29.724000,-111.520000,4.090416,246.583200,-242.492784,0.014336,0.014336,0.016863,0.016863,True,1970-1975
294326095293002,-95.492000,29.724000,-83.320000,19.571208,425.805600,-406.234392,0.020675,0.020675,,0.020675,False,1970-1975
294326095321001,-95.536000,29.724000,-77.460000,21.073872,467.868000,-446.794128,0.098038,0.098038,,0.098038,False,1970-1975
294326095371601,-95.621000,29.724000,-47.760000,24.063960,392.582400,-368.518440,0.081234,0.081234,0.111294,0.111294,True,1970-1975
294328095290401,-95.485000,29.725000,-79.540000,18.766536,461.772000,-443.005464,0.029314,0.029314,,0.029314,False,1970-1975
294331095282801,-95.475000,29.726000,-80.760000,17.519904,459.638400,-442.118496,0.048137,0.048137,0.045579,0.045579,True,1970-1975
294333095275601,-95.466000,29.726000,-79.480000,17.562576,463.296000,-445.733424,0.044845,0.044845,0.055129,0.055129,True,1970-1975
294333095275602,-95.466000,29.726000,-93.740000,17.562576,460.248000,-442.685424,0.075307,0.075307,,0.075307,False,1970-1975
294334095032901,-95.058000,29.727000,-85.380000,3.654552,155.448000,-151.793448,0.057018,0.057018,,0.057018,False,1970-1975
294334095055801,-95.100000,29.726000,-122.300000,6.248400,484.632000,-478.383600,0.106149,0.106149,0.094979,0.094979,True,1970-1975
294334095075001,-95.131000,29.726000,-86.270000,7.226808,155.448000,-148.221192,0.134436,0.134436,0.132989,0.132989,True,1970-1975
294335095273301,-95.459000,29.727000,-87.820000,17.157192,614.172000,-597.014808,0.044944,0.044944,0.050354,0.050354,True,1970-1975
294335095490401,-95.818000,29.727000,8.900000,38.865048,163.372800,-124.507752,0.066063,0.066063,0.083528,0.083528,True,1970-1975
294336095064301,-95.112000,29.727000,-121.960000,6.214872,441.960000,-435.745128,0.102598,0.102598,0.110105,0.110105,True,1970-1975
294336095082101,-95.139000,29.727000,-109.890000,9.000744,278.282400,-269.281656,0.108932,0.108932,,0.108932,False,1970-1975
294338095270401,-95.451000,29.727000,-69.110000,17.047464,320.344800,-303.297336,0.067709,0.067709,0.068253,0.068253,True,1970-1975
294340095311101,-95.520000,29.728000,-65.750000,20.747736,271.881600,-251.133864,0.046601,0.046601,,0.046601,False,1970-1975
294340095311103,-95.520000,29.728000,-79.650000,20.747736,436.473600,-415.725864,0.058432,0.058432,,0.058432,False,1970-1975
294341095063901,-95.111000,29.728000,-89.660000,6.477000,152.704800,-146.227800,0.122303,0.122303,0.115787,0.115787,True,1970-1975
294342095034601,-95.063000,29.729000,-85.700000,6.684264,170.688000,-164.003736,0.048264,0.048264,,0.048264,False,1970-1975
294343095210001,-95.350000,29.729000,-96.530000,12.350496,525.780000,-513.429504,0.071809,0.071809,,0.071809,False,1970-1975
294348095131801,-95.222000,29.730000,-112.310000,3.886200,429.768000,-425.881800,0.029419,0.029419,0.010600,0.010600,True,1970-1975
294348095270401,-95.451000,29.730000,-85.670000,17.117568,598.932000,-581.814432,0.034611,0.034611,0.045488,0.045488,True,1970-1975
294348095303702,-95.511000,29.728000,-75.190000,19.754088,406.908000,-387.153912,0.056398,0.056398,0.069402,0.069402,True,1970-1975
294349095054201,-95.095000,29.731000,-90.940000,6.601968,161.544000,-154.942032,0.116376,0.116376,0.110469,0.110469,True,1970-1975
294349095054601,-95.096000,29.731000,-91.170000,6.367272,161.544000,-155.176728,0.118016,0.118016,0.109742,0.109742,True,1970-1975
294349095072901,-95.125000,29.731000,-86.140000,7.351776,161.544000,-154.192224,0.136201,0.136201,0.136334,0.136334,True,1970-1975
294350095505401,-95.849000,29.731000,1.610000,41.812464,278.587200,-236.774736,0.107247,0.107247,0.112120,0.112120,True,1970-1975
294351095130401,-95.218000,29.731000,-57.030000,5.300472,244.449600,-239.149128,0.079719,0.079719,0.047713,0.047713,True,1970-1975
294353095063901,-95.110000,29.732000,-118.800000,6.431280,374.904000,-368.472720,0.110376,0.110376,0.124312,0.124312,True,1970-1975
294355095380701,-95.636000,29.732000,-30.890000,25.106376,324.916800,-299.810424,0.051428,0.051428,,0.051428,False,1970-1975
294358095063801,-95.111000,29.733000,-91.270000,5.995416,153.009600,-147.014184,0.110479,0.110479,0.110539,0.110539,True,1970-1975
294400095505301,-95.848000,29.734000,11.460000,42.492168,191.414400,-148.922232,0.078981,0.078981,0.112120,0.112120,True,1970-1975
294400095510801,-95.853000,29.734000,11.510000,42.970704,249.326400,-206.355696,0.083459,0.083459,,0.083459,False,1970-1975
294403095141801,-95.239000,29.734000,-114.910000,8.339328,366.064800,-357.725472,0.050809,0.050809,0.029419,0.029419,True,1970-1975
294405095051501,-95.088000,29.735000,-117.310000,6.879336,445.008000,-438.128664,0.113699,0.113699,0.113157,0.113157,True,1970-1975
294407095403701,-95.688000,29.718000,-4.260000,28.459176,143.560800,-115.101624,-0.000373,-0.000373,-0.027994,-0.027994,True,1970-1975
294410095053101,-95.092000,29.736000,-116.870000,6.705600,345.948000,-339.242400,0.120977,0.120977,0.139624,0.139624,True,1970-1975
294410095322001,-95.539000,29.736000,-61.540000,21.143976,276.758400,-255.614424,0.111003,0.111003,0.126748,0.126748,True,1970-1975
294414095364201,-95.612000,29.738000,-54.900000,24.313896,396.240000,-371.926104,0.106167,0.106167,,0.106167,False,1970-1975
294415095165301,-95.282000,29.738000,-92.250000,4.578096,274.320000,-269.741904,0.032088,0.032088,,0.032088,False,1970-1975
294418095550901,-95.919000,29.739000,13.120000,47.954184,177.698400,-129.744216,0.048801,0.048801,0.067258,0.067258,True,1970-1975
294422094575101,-94.964000,29.740000,-68.840000,9.390888,142.341600,-132.950712,0.079454,0.079454,,0.079454,False,1970-1975
294424095100401,-95.168000,29.740000,-120.020000,2.526792,530.352000,-527.825208,0.092326,0.092326,,0.092326,False,1970-1975
294425095100801,-95.169000,29.741000,-80.320000,2.606040,145.389600,-142.783560,0.133235,0.133235,0.146703,0.146703,True,1970-1975
294425095101601,-95.171000,29.741000,-125.230000,2.831592,381.609600,-378.778008,0.087994,0.087994,0.087149,0.087149,True,1970-1975
294433095044701,-95.080000,29.743000,-64.680000,5.608320,78.028800,-72.420480,0.165242,0.150000,,0.150000,False,1970-1975
294433095550801,-95.919000,29.743000,18.700000,48.274224,102.108000,-53.833776,0.071853,0.071853,0.073508,0.073508,True,1970-1975
294439095334701,-95.563000,29.744000,-29.560000,22.765512,141.732000,-118.966488,0.123587,0.123587,0.115676,0.115676,True,1970-1975
294439095334702,-95.563000,29.744000,-53.050000,22.765512,396.240000,-373.474488,0.124825,0.124825,0.092296,0.092296,True,1970-1975
294440095341801,-95.572000,29.745000,-65.110000,22.713696,399.897600,-377.183904,0.158953,0.150000,0.153997,0.153997,True,1970-1975
294445095141101,-95.237000,29.746000,-110.370000,8.348472,411.480000,-403.131528,0.069280,0.069280,,0.069280,False,1970-1975
294450095550301,-95.918000,29.747000,17.840000,48.207168,100.584000,-52.376832,0.051789,0.051789,0.061008,0.061008,True,1970-1975
294452095354501,-95.596000,29.748000,-60.650000,23.887176,441.960000,-418.072824,0.133110,0.133110,0.137682,0.137682,True,1970-1975
294455095454102,-95.762000,29.749000,1.010000,36.048696,184.404000,-148.355304,0.038188,0.038188,0.031784,0.031784,True,1970-1975
294458095044601,-95.080000,29.750000,-79.220000,6.644640,158.800800,-152.156160,0.148535,0.148535,0.157774,0.157774,True,1970-1975
294458095095101,-95.164000,29.750000,-109.840000,3.557016,205.740000,-202.182984,0.080993,0.080993,,0.080993,False,1970-1975
294459095343801,-95.578000,29.750000,-60.910000,23.326344,413.308800,-389.982456,0.137720,0.137720,0.146718,0.146718,True,1970-1975
294500095073401,-95.127000,29.751000,-112.580000,7.126224,374.904000,-367.777776,0.117289,0.117289,,0.117289,False,1970-1975
294504094553601,-94.925000,29.751000,-38.840000,5.474208,122.529600,-117.055392,0.018042,0.018042,,0.018042,False,1970-1975
294511095321401,-95.537000,29.752000,-41.330000,13.377672,150.266400,-136.888728,0.107223,0.107223,,0.107223,False,1970-1975
294514095515501,-95.866000,29.754000,11.940000,44.698920,105.460800,-60.761880,0.036786,0.036786,,0.036786,False,1970-1975
294517095084101,-95.145000,29.755000,-111.470000,7.199376,347.472000,-340.272624,0.113888,0.113888,0.116751,0.116751,True,1970-1975
294518095254801,-95.430000,29.755000,-72.440000,15.182088,373.989600,-358.807512,0.050623,0.050623,,0.050623,False,1970-1975
294518095392901,-95.658000,29.755000,-6.510000,28.288488,206.654400,-178.365912,0.048083,0.048083,,0.048083,False,1970-1975
294518095393401,-95.660000,29.755000,-5.930000,28.288488,177.698400,-149.409912,0.049077,0.049077,,0.049077,False,1970-1975
294521094545901,-94.916000,29.756000,-40.130000,4.916424,124.663200,-119.746776,0.016210,0.016210,,0.016210,False,1970-1975
294523094544401,-94.912000,29.756000,-38.840000,5.468112,122.834400,-117.366288,0.018222,0.018222,,0.018222,False,1970-1975
294527095014901,-95.031000,29.758000,-77.740000,7.351776,156.057600,-148.705824,-0.013900,-0.013900,-0.027473,-0.027473,True,1970-1975
294527095014904,-95.031000,29.758000,-52.360000,7.351776,71.323200,-63.971424,0.056915,0.056915,,0.056915,False,1970-1975
294527095014905,-95.031000,29.758000,-61.590000,7.351776,98.755200,-91.403424,0.034690,0.034690,0.021231,0.021231,True,1970-1975
294527095014910,-95.031000,29.758000,-76.010000,7.275576,131.368800,-124.093224,-0.015869,-0.015869,-0.021395,-0.021395,True,1970-1975
294527095014911,-95.031000,29.758000,-69.040000,7.275576,449.580000,-442.304424,-0.015394,-0.015394,-0.019310,-0.019310,True,1970-1975
294527095014912,-95.031000,29.758000,-75.260000,7.351776,416.052000,-408.700224,-0.000663,-0.000663,-0.002635,-0.002635,True,1970-1975
294535095461801,-95.772000,29.760000,4.600000,37.462968,219.456000,-181.993032,0.034490,0.034490,0.009371,0.009371,True,1970-1975
294536095223201,-95.376000,29.760000,-67.180000,12.908280,190.500000,-177.591720,0.083867,0.083867,0.078114,0.078114,True,1970-1975
294537095225801,-95.383000,29.761000,-99.720000,13.722096,603.504000,-589.781904,0.061798,0.061798,0.045812,0.045812,True,1970-1975
294537095360401,-95.601000,29.761000,-34.770000,20.863560,272.796000,-251.932440,0.118944,0.118944,0.155772,0.155772,True,1970-1975
294537095360402,-95.601000,29.761000,-52.810000,20.863560,373.380000,-352.516440,0.124781,0.124781,0.149472,0.149472,True,1970-1975
294538095344601,-95.579000,29.761000,-21.250000,22.674072,142.341600,-119.667528,0.133455,0.133455,0.127976,0.127976,True,1970-1975
294541095232901,-95.392000,29.762000,-98.510000,6.742176,501.091200,-494.349024,0.040146,0.040146,,0.040146,False,1970-1975
294541095523201,-95.876000,29.762000,13.470000,44.705016,175.260000,-130.554984,0.006248,0.006248,-0.021922,-0.021922,True,1970-1975
294542095010501,-95.018000,29.762000,-67.540000,6.403848,526.389600,-519.985752,-0.033082,-0.033082,-0.020352,-0.020352,True,1970-1975
294545095223801,-95.377000,29.763000,-96.430000,11.856720,615.696000,-603.839280,0.034621,0.034621,0.024812,0.024812,True,1970-1975
294545095292301,-95.490000,29.763000,-80.550000,18.281904,349.300800,-331.018896,0.025596,0.025596,,0.025596,False,1970-1975
294548094510501,-94.852000,29.764000,-25.110000,8.878824,135.026400,-126.147576,0.046411,0.046411,,0.046411,False,1970-1975
294548095455101,-95.764000,29.764000,1.530000,37.584888,268.224000,-230.639112,0.040453,0.040453,0.027177,0.027177,True,1970-1975
294548095461901,-95.772000,29.764000,5.520000,38.096952,121.920000,-83.823048,0.034092,0.034092,0.038983,0.038983,True,1970-1975
294551095221001,-95.370000,29.764000,-97.190000,8.342376,620.268000,-611.925624,0.053076,0.053076,0.069094,0.069094,True,1970-1975
294553095091701,-95.155000,29.765000,-99.800000,7.181088,247.497600,-240.316512,0.138709,0.138709,0.151974,0.151974,True,1970-1975
294558095344301,-95.579000,29.766000,-33.270000,20.189952,233.781600,-213.591648,0.111212,0.111212,0.127976,0.127976,True,1970-1975
294601095041901,-95.074000,29.767000,-68.490000,7.406640,140.817600,-133.410960,0.154480,0.150000,,0.150000,False,1970-1975
294601095225801,-95.383000,29.767000,-98.910000,13.615416,597.408000,-583.792584,0.061181,0.061181,0.078114,0.078114,True,1970-1975
294602095092405,-95.157000,29.767000,-71.120000,7.379208,94.488000,-87.108792,0.168201,0.150000,0.173290,0.173290,True,1970-1975
294604095144801,-95.247000,29.768000,-100.980000,9.710928,272.796000,-263.085072,0.080866,0.080866,,0.080866,False,1970-1975
294605095383001,-95.642000,29.768000,-43.570000,24.521160,397.764000,-373.242840,0.086641,0.086641,,0.086641,False,1970-1975
294613095172601,-95.291000,29.771000,-81.400000,12.716256,206.044800,-193.328544,0.085727,0.085727,,0.085727,False,1970-1975
294619095142701,-95.242000,29.773000,-100.340000,8.964168,306.933600,-297.969432,0.070631,0.070631,,0.070631,False,1970-1975
294623095351301,-95.587000,29.773000,-30.020000,24.816816,272.796000,-247.979184,0.108328,0.108328,0.139550,0.139550,True,1970-1975
294623095351401,-95.588000,29.773000,-52.710000,24.935688,399.288000,-374.352312,0.125136,0.125136,0.123525,0.123525,True,1970-1975
294633095454101,-95.762000,29.776000,-4.830000,38.532816,326.136000,-287.603184,0.046957,0.046957,,0.046957,False,1970-1975
294637094592501,-94.990000,29.777000,-51.080000,7.738872,156.972000,-149.233128,0.024545,0.024545,,0.024545,False,1970-1975
294642095114901,-95.197000,29.779000,-97.220000,7.181088,259.689600,-252.508512,0.077840,0.077840,0.057633,0.057633,True,1970-1975
294642095371001,-95.620000,29.779000,-51.780000,24.350472,368.808000,-344.457528,-0.000545,-0.000545,-0.054408,-0.054408,True,1970-1975
294645095104401,-95.179000,29.779000,-103.640000,7.952232,371.856000,-363.903768,0.064031,0.064031,0.057633,0.057633,True,1970-1975
294648095013801,-95.028000,29.780000,-73.070000,8.321040,148.437600,-140.116560,-0.001468,-0.001468,,-0.001468,False,1970-1975
294652094593901,-94.994000,29.781000,-38.550000,7.821168,92.354400,-84.533232,0.056337,0.056337,,0.056337,False,1970-1975
294659095375802,-95.633000,29.783000,-20.160000,25.898856,218.236800,-192.337944,0.070886,0.070886,,0.070886,False,1970-1975
294702095364001,-95.611000,29.784000,-55.170000,25.697688,307.848000,-282.150312,-0.034163,-0.034163,-0.054408,-0.054408,True,1970-1975
294704095462001,-95.772000,29.785000,6.620000,40.806624,246.278400,-205.471776,0.079616,0.079616,,0.079616,False,1970-1975
294705094545901,-94.917000,29.785000,-21.120000,5.358384,103.632000,-98.273616,0.055293,0.055293,,0.055293,False,1970-1975
294707095372201,-95.624000,29.786000,-45.680000,18.483072,509.016000,-490.532928,-0.014046,-0.014046,-0.025721,-0.025721,True,1970-1975
294708094582501,-94.974000,29.786000,-44.840000,9.247632,99.060000,-89.812368,0.092041,0.092041,0.105014,0.105014,True,1970-1975
294708094582701,-94.974000,29.786000,-37.790000,9.174480,102.108000,-92.933520,0.084125,0.084125,,0.084125,False,1970-1975
294708095363201,-95.609000,29.786000,-47.310000,25.277064,347.472000,-322.194936,-0.005566,-0.005566,-0.028821,-0.028821,True,1970-1975
294712095401301,-95.671000,29.787000,-30.450000,29.803344,424.891200,-395.087856,0.032353,0.032353,,0.032353,False,1970-1975
294720095365301,-95.615000,29.790000,-39.510000,27.840432,512.673600,-484.833168,-0.059104,-0.059104,-0.062611,-0.062611,True,1970-1975
294721094575101,-94.964000,29.789000,-41.620000,10.283952,105.156000,-94.872048,0.076542,0.076542,,0.076542,False,1970-1975
294721095283201,-95.476000,29.789000,-75.150000,20.049744,507.492000,-487.442256,0.087628,0.087628,,0.087628,False,1970-1975
294721095361001,-95.603000,29.789000,-39.050000,25.706832,345.948000,-320.241168,0.004169,0.004169,,0.004169,False,1970-1975
294722095165901,-95.283000,29.790000,-88.760000,11.524488,273.405600,-261.881112,0.055211,0.055211,,0.055211,False,1970-1975
294724095351401,-95.587000,29.790000,-58.540000,27.709368,480.060000,-452.350632,0.079647,0.079647,0.107148,0.107148,True,1970-1975
294726095351102,-95.586000,29.791000,-53.500000,27.755088,549.249600,-521.494512,0.021857,0.021857,,0.021857,False,1970-1975
294732095023501,-95.043000,29.793000,-62.120000,9.284208,142.646400,-133.362192,0.024580,0.024580,,0.024580,False,1970-1975
294732095103401,-95.177000,29.794000,-96.100000,9.058656,365.150400,-356.091744,0.042853,0.042853,,0.042853,False,1970-1975
294735095023401,-95.043000,29.793000,-61.050000,10.436352,141.427200,-130.990848,0.026430,0.026430,,0.026430,False,1970-1975
294738094553501,-94.927000,29.794000,-37.890000,7.549896,109.728000,-102.178104,0.035839,0.035839,,0.035839,False,1970-1975
294742095160101,-95.267000,29.795000,-87.090000,10.543032,284.683200,-274.140168,0.047778,0.047778,,0.047778,False,1970-1975
294745095201001,-95.336000,29.796000,-99.620000,14.420088,607.466400,-593.046312,0.067262,0.067262,,0.067262,False,1970-1975
294745095331101,-95.553000,29.796000,-34.380000,27.520392,195.986400,-168.466008,0.084219,0.084219,,0.084219,False,1970-1975
294747095444701,-95.747000,29.797000,-31.630000,38.395656,368.808000,-330.412344,0.123869,0.123869,,0.123869,False,1970-1975
294803095105701,-95.183000,29.801000,-95.200000,9.646920,353.568000,-343.921080,0.041199,0.041199,,0.041199,False,1970-1975
294808095485401,-95.820000,29.802000,-14.260000,44.500800,216.408000,-171.907200,0.069230,0.069230,,0.069230,False,1970-1975
294811095241901,-95.406000,29.803000,-82.440000,19.089624,316.687200,-297.597576,0.023159,0.023159,0.021875,0.021875,True,1970-1975
294815095201701,-95.338000,29.805000,-106.250000,13.703808,633.984000,-620.280192,0.102087,0.102087,0.114994,0.114994,True,1970-1975
294816095242501,-95.407000,29.805000,-88.120000,18.815304,576.072000,-557.256696,0.022757,0.022757,0.022270,0.022270,True,1970-1975
294824094575501,-94.966000,29.807000,-39.920000,11.042904,115.824000,-104.781096,0.071077,0.071077,,0.071077,False,1970-1975
294825095015601,-95.032000,29.807000,-54.720000,10.009632,149.047200,-139.037568,0.047870,0.047870,,0.047870,False,1970-1975
294844095200901,-95.336000,29.812000,-105.190000,14.453616,603.504000,-589.050384,0.089667,0.089667,,0.089667,False,1970-1975
294849095022801,-95.041000,29.814000,-56.690000,10.704576,146.304000,-135.599424,0.048008,0.048008,,0.048008,False,1970-1975
294855095542001,-95.906000,29.816000,18.790000,50.258472,199.034400,-148.775928,0.051259,0.051259,0.044548,0.044548,True,1970-1975
294855095553701,-95.927000,29.816000,18.730000,50.996088,256.641600,-205.645512,0.053329,0.053329,,0.053329,False,1970-1975
294858095365301,-95.615000,29.816000,-2.990000,28.151328,124.968000,-96.816672,0.048230,0.048230,0.049508,0.049508,True,1970-1975
294900095312101,-95.523000,29.817000,-65.520000,25.767792,442.264800,-416.497008,0.041411,0.041411,0.025126,0.025126,True,1970-1975
294901095221001,-95.370000,29.817000,-73.460000,18.781776,351.129600,-332.347824,0.104564,0.104564,,0.104564,False,1970-1975
294902095133501,-95.227000,29.817000,-83.500000,9.756648,435.559200,-425.802552,0.033792,0.033792,,0.033792,False,1970-1975
294909095200301,-95.334000,29.819000,-97.580000,15.642336,560.527200,-544.884864,0.082890,0.082890,0.114994,0.114994,True,1970-1975
294910094521601,-94.871000,29.820000,-21.040000,11.701272,265.480800,-253.779528,0.039776,0.039776,,0.039776,False,1970-1975
294913095241801,-95.405000,29.821000,-86.970000,20.787360,527.304000,-506.516640,0.018488,0.018488,0.022665,0.022665,True,1970-1975
294913095305801,-95.516000,29.821000,-67.590000,25.374600,524.256000,-498.881400,0.029821,0.029821,0.029891,0.029891,True,1970-1975
294914095532101,-95.889000,29.821000,13.090000,50.627280,327.355200,-276.727920,0.051325,0.051325,0.044548,0.044548,True,1970-1975
294920095314601,-95.530000,29.823000,-61.590000,26.584656,441.960000,-415.375344,0.046956,0.046956,0.071851,0.071851,True,1970-1975
294921095312901,-95.525000,29.823000,-64.870000,25.956768,443.484000,-417.527232,0.036772,0.036772,0.033434,0.033434,True,1970-1975
294921095492201,-95.823000,29.823000,12.880000,47.286672,161.239200,-113.952528,0.017737,0.017737,,0.017737,False,1970-1975
294926094595501,-94.999000,29.824000,-40.470000,11.890248,128.016000,-116.125752,0.092236,0.092236,,0.092236,False,1970-1975
294930095125401,-95.215000,29.825000,-81.990000,10.658856,457.200000,-446.541144,0.055353,0.055353,,0.055353,False,1970-1975
294932094551401,-94.921000,29.826000,-37.420000,8.010144,114.300000,-106.289856,0.015791,0.015791,0.014547,0.014547,True,1970-1975
294932095132601,-95.224000,29.826000,-81.440000,10.619232,471.830400,-461.211168,0.023095,0.023095,,0.023095,False,1970-1975
294932095200601,-95.335000,29.826000,-96.740000,19.101816,579.424800,-560.322984,0.063246,0.063246,,0.063246,False,1970-1975
294932095293501,-95.493000,29.826000,-42.520000,23.207472,262.737600,-239.530128,0.098986,0.098986,,0.098986,False,1970-1975
294933095361201,-95.604000,29.826000,-11.170000,29.955744,291.998400,-262.042656,0.046369,0.046369,0.049508,0.049508,True,1970-1975
294945095403301,-95.676000,29.829000,7.110000,33.817560,68.580000,-34.762440,0.117374,0.117374,,0.117374,False,1970-1975
294948095441001,-95.736000,29.830000,8.490000,41.620440,109.423200,-67.802760,0.037674,0.037674,,0.037674,False,1970-1975
294950095313701,-95.527000,29.831000,-65.650000,27.374088,452.628000,-425.253912,0.033578,0.033578,0.026349,0.026349,True,1970-1975
294953095065601,-95.116000,29.832000,-84.670000,11.963400,480.060000,-468.096600,0.043909,0.043909,,0.043909,False,1970-1975
294958095200301,-95.334000,29.833000,-93.060000,19.223736,600.456000,-581.232264,0.053382,0.053382,,0.053382,False,1970-1975
294959095405501,-95.683000,29.834000,-30.450000,35.283648,327.660000,-292.376352,0.052272,0.052272,,0.052272,False,1970-1975
295001094544401,-94.912000,29.834000,-39.850000,7.696200,281.025600,-273.329400,0.020208,0.020208,0.014547,0.014547,True,1970-1975
295003095063901,-95.111000,29.834000,-80.670000,11.798808,460.248000,-448.449192,0.013538,0.013538,,0.013538,False,1970-1975
295005095070301,-95.118000,29.835000,-86.970000,11.954256,465.429600,-453.475344,0.039511,0.039511,,0.039511,False,1970-1975
295005095071301,-95.121000,29.835000,-83.260000,12.012168,478.536000,-466.523832,0.027074,0.027074,,0.027074,False,1970-1975
295015095381801,-95.639000,29.838000,-31.800000,31.519368,452.628000,-421.108632,0.065688,0.065688,0.055678,0.055678,True,1970-1975
295019095240801,-95.403000,29.839000,-91.910000,20.007072,539.496000,-519.488928,0.057877,0.057877,,0.057877,False,1970-1975
295034095533501,-95.893000,29.843000,20.900000,52.267104,137.160000,-84.892896,0.032243,0.032243,,0.032243,False,1970-1975
295039095385301,-95.648000,29.844000,-24.690000,35.774376,329.184000,-293.409624,0.057190,0.057190,0.055678,0.055678,True,1970-1975
295044095565201,-95.948000,29.846000,22.220000,54.876192,324.307200,-269.431008,0.016425,0.016425,,0.016425,False,1970-1975
295047094595101,-94.998000,29.847000,-41.320000,11.490960,96.316800,-84.825840,0.064652,0.064652,,0.064652,False,1970-1975
295047094595201,-94.998000,29.847000,-38.830000,11.811000,124.053600,-112.242600,0.096239,0.096239,,0.096239,False,1970-1975
295048095240801,-95.403000,29.847000,-87.640000,20.970240,554.736000,-533.765760,0.038934,0.038934,,0.038934,False,1970-1975
295050095200101,-95.334000,29.848000,-80.320000,23.814024,562.660800,-538.846776,0.017788,0.017788,,0.017788,False,1970-1975
295101095140601,-95.236000,29.851000,-71.620000,13.100304,391.668000,-378.567696,0.024201,0.024201,,0.024201,False,1970-1975
295109095240801,-95.403000,29.853000,-88.740000,22.290024,557.784000,-535.493976,0.041730,0.041730,,0.041730,False,1970-1975
295110095482301,-95.807000,29.853000,11.580000,47.012352,216.408000,-169.395648,0.020651,0.020651,,0.020651,False,1970-1975
295116095131001,-95.220000,29.855000,-71.260000,12.234672,364.236000,-352.001328,0.032069,0.032069,,0.032069,False,1970-1975
295116095200401,-95.335000,29.855000,-78.130000,17.468088,605.332800,-587.864712,0.000586,0.000586,,0.000586,False,1970-1975
295146095221701,-95.355000,29.863000,-87.390000,18.754344,352.653600,-333.899256,-0.002625,-0.002625,,-0.002625,False,1970-1975
295150095254601,-95.431000,29.864000,-77.100000,25.828752,463.296000,-437.467248,0.020818,0.020818,,0.020818,False,1970-1975
295150095352101,-95.589000,29.864000,-5.210000,34.161984,84.734400,-50.572416,0.044881,0.044881,,0.044881,False,1970-1975
295156094542001,-94.906000,29.866000,-29.460000,13.222224,161.848800,-148.626576,0.021777,0.021777,,0.021777,False,1970-1975
295159094541601,-94.905000,29.867000,-28.160000,13.405104,161.544000,-148.138896,0.022831,0.022831,,0.022831,False,1970-1975
295201095173201,-95.293000,29.867000,-62.190000,17.492472,265.176000,-247.683528,0.054446,0.054446,,0.054446,False,1970-1975
295202095261401,-95.438000,29.867000,-75.810000,26.386536,480.364800,-453.978264,-0.009640,-0.009640,-0.044641,-0.044641,True,1970-1975
295212095054401,-95.096000,29.870000,-70.410000,7.263384,521.817600,-514.554216,-0.029400,-0.029400,-0.045935,-0.045935,True,1970-1975
295213095532101,-95.889000,29.871000,23.590000,53.995320,233.781600,-179.786280,0.021056,0.021056,,0.021056,False,1970-1975
295217094525201,-94.881000,29.872000,-22.210000,12.295632,137.160000,-124.864368,0.041851,0.041851,,0.041851,False,1970-1975
295218095060501,-95.102000,29.872000,-76.210000,12.954000,485.546400,-472.592400,-0.014894,-0.014894,,-0.014894,False,1970-1975
295218095572701,-95.958000,29.872000,25.460000,56.589168,255.727200,-199.138032,0.049809,0.049809,,0.049809,False,1970-1975
295225095452401,-95.757000,29.874000,13.240000,44.610528,208.788000,-164.177472,-0.004901,-0.004901,,-0.004901,False,1970-1975
295226095071801,-95.122000,29.874000,-73.970000,13.798296,495.300000,-481.501704,-0.015609,-0.015609,,-0.015609,False,1970-1975
295227095200501,-95.335000,29.874000,-54.760000,17.995392,175.260000,-157.264608,0.088467,0.088467,,0.088467,False,1970-1975
295228095065101,-95.115000,29.875000,-72.260000,14.581632,496.214400,-481.632768,-0.012142,-0.012142,,-0.012142,False,1970-1975
295228095262901,-95.442000,29.875000,-78.650000,26.417016,508.406400,-481.989384,0.005361,0.005361,0.021566,0.021566,True,1970-1975
295229095062701,-95.108000,29.875000,-72.720000,13.661136,477.926400,-464.265264,-0.023136,-0.023136,-0.045935,-0.045935,True,1970-1975
295229095074101,-95.128000,29.876000,-73.130000,14.161008,490.118400,-475.957392,-0.005346,-0.005346,,-0.005346,False,1970-1975
295233095274101,-95.462000,29.876000,-74.200000,24.277320,299.923200,-275.645880,0.011067,0.011067,0.004530,0.004530,True,1970-1975
295249095294901,-95.497000,29.881000,-27.020000,25.554432,160.020000,-134.465568,0.112847,0.112847,,0.112847,False,1970-1975
295249095333002,-95.559000,29.881000,-2.940000,31.245048,131.978400,-100.733352,0.061739,0.061739,,0.061739,False,1970-1975
295251095264501,-95.446000,29.881000,-73.080000,26.496264,541.629600,-515.133336,-0.025643,-0.025643,-0.022842,-0.022842,True,1970-1975
295252095300401,-95.501000,29.881000,-59.160000,26.523696,290.169600,-263.645904,0.045029,0.045029,,0.045029,False,1970-1975
295259095065401,-95.115000,29.883000,-77.810000,14.267688,475.488000,-461.220312,0.009300,0.009300,,0.009300,False,1970-1975
295306095270501,-95.452000,29.885000,-74.920000,25.972008,460.552800,-434.580792,-0.022762,-0.022762,-0.009156,-0.009156,True,1970-1975
295311095572501,-95.957000,29.887000,26.910000,58.033920,304.800000,-246.766080,0.058532,0.058532,,0.058532,False,1970-1975
295316095541901,-95.906000,29.888000,30.020000,56.013096,282.244800,-226.231704,0.047038,0.047038,,0.047038,False,1970-1975
295316095562801,-95.941000,29.888000,-3.750000,58.183272,305.409600,-247.226328,0.055539,0.055539,,0.055539,False,1970-1975
295322094543401,-94.910000,29.890000,-34.770000,13.810488,177.393600,-163.583112,0.006134,0.006134,,0.006134,False,1970-1975
295323095294501,-95.496000,29.890000,-47.590000,28.794456,324.307200,-295.512744,0.024695,0.024695,,0.024695,False,1970-1975
295333095433801,-95.728000,29.893000,6.890000,43.235880,211.836000,-168.600120,0.012743,0.012743,,0.012743,False,1970-1975
295348095470901,-95.786000,29.897000,15.300000,48.764952,201.168000,-152.403048,0.040477,0.040477,,0.040477,False,1970-1975
295402095572401,-95.957000,29.901000,36.570000,59.655456,275.844000,-216.188544,0.032530,0.032530,,0.032530,False,1970-1975
295439095462001,-95.772000,29.911000,15.900000,47.734728,167.640000,-119.905272,0.006289,0.006289,,0.006289,False,1970-1975
295442095542401,-95.907000,29.912000,37.250000,56.647080,246.888000,-190.240920,0.031365,0.031365,,0.031365,False,1970-1975
295447095562701,-95.941000,29.913000,28.870000,60.094368,293.217600,-233.123232,0.047358,0.047358,,0.047358,False,1970-1975
295450095045801,-95.083000,29.914000,-49.760000,12.944856,443.484000,-430.539144,-0.033684,-0.033684,,-0.033684,False,1970-1975
295451095083901,-95.144000,29.914000,-42.750000,17.407128,164.592000,-147.184872,0.067500,0.067500,,0.067500,False,1970-1975
295459095361001,-95.603000,29.917000,7.100000,37.194744,272.186400,-234.991656,0.043310,0.043310,,0.043310,False,1970-1975
295501095331501,-95.554000,29.917000,-4.400000,35.024568,247.497600,-212.473032,0.046073,0.046073,,0.046073,False,1970-1975
295501095334401,-95.562000,29.917000,-1.920000,34.957512,225.552000,-190.594488,0.045247,0.045247,,0.045247,False,1970-1975
295501095334601,-95.563000,29.917000,-15.500000,35.530536,238.353600,-202.823064,0.034914,0.034914,,0.034914,False,1970-1975
295505095462201,-95.773000,29.918000,18.410000,48.432720,172.212000,-123.779280,-0.027782,-0.027782,,-0.027782,False,1970-1975
295525095233601,-95.394000,29.924000,-64.730000,23.829264,344.424000,-320.594736,0.041109,0.041109,,0.041109,False,1970-1975
295548095462501,-95.774000,29.930000,19.260000,48.231552,162.458400,-114.226848,-0.002469,-0.002469,,-0.002469,False,1970-1975
295552095562601,-95.941000,29.931000,33.480000,61.557408,252.374400,-190.816992,0.057917,0.057917,,0.057917,False,1970-1975
295554095433301,-95.726000,29.932000,13.510000,46.722792,353.568000,-306.845208,-0.000517,-0.000517,,-0.000517,False,1970-1975
295558095442301,-95.740000,29.933000,11.850000,46.515528,353.568000,-307.052472,0.012553,0.012553,,0.012553,False,1970-1975
295604095430601,-95.719000,29.935000,12.290000,46.338744,362.712000,-316.373256,0.003611,0.003611,,0.003611,False,1970-1975
295609095233801,-95.394000,29.936000,-59.850000,25.274016,449.580000,-424.305984,0.022928,0.022928,,0.022928,False,1970-1975
295611095240201,-95.404000,29.937000,-51.770000,26.627328,438.912000,-412.284672,-0.023861,-0.023861,,-0.023861,False,1970-1975
295614095242201,-95.408000,29.937000,-53.480000,26.356056,329.793600,-303.437544,0.009662,0.009662,,0.009662,False,1970-1975
295616095170101,-95.284000,29.938000,-36.890000,20.458176,182.880000,-162.421824,0.104951,0.104951,0.114507,0.114507,True,1970-1975
295616095170201,-95.284000,29.938000,-38.130000,20.400264,232.257600,-211.857336,0.100390,0.100390,0.155005,0.155005,True,1970-1975
295617095260101,-95.434000,29.938000,-21.840000,28.510992,319.430400,-290.919408,0.008837,0.008837,,0.008837,False,1970-1975
295619095171001,-95.287000,29.939000,-55.050000,20.360640,341.376000,-321.015360,0.130996,0.130996,0.134756,0.134756,True,1970-1975
295619095324701,-95.547000,29.939000,-15.880000,35.646360,216.408000,-180.761640,0.038552,0.038552,0.052118,0.052118,True,1970-1975
295621095324701,-95.547000,29.939000,-26.130000,35.573208,413.004000,-377.430792,0.012076,0.012076,0.008886,0.008886,True,1970-1975
295624095370801,-95.619000,29.940000,-1.410000,40.209216,288.036000,-247.826784,-0.003792,-0.003792,-0.020550,-0.020550,True,1970-1975
295624095370802,-95.619000,29.940000,-3.120000,40.209216,204.825600,-164.616384,-0.003430,-0.003430,-0.029673,-0.029673,True,1970-1975
295631095315001,-95.531000,29.942000,-26.280000,35.783520,223.723200,-187.939680,0.020129,0.020129,,0.020129,False,1970-1975
295633095324401,-95.546000,29.943000,-13.150000,36.097464,214.274400,-178.176936,0.035792,0.035792,,0.035792,False,1970-1975
295646095324601,-95.546000,29.946000,-27.840000,36.295584,235.305600,-199.010016,0.004720,0.004720,-0.009584,-0.009584,True,1970-1975
295647095343901,-95.578000,29.947000,-21.480000,38.316408,329.184000,-290.867592,0.017313,0.017313,,0.017313,False,1970-1975
295650095315901,-95.533000,29.948000,-24.420000,35.987736,220.980000,-184.992264,0.019334,0.019334,0.008886,0.008886,True,1970-1975
295650095322301,-95.540000,29.948000,-30.900000,36.588192,205.130400,-168.542208,0.003376,0.003376,-0.022835,-0.022835,True,1970-1975
295654095401901,-95.672000,29.949000,14.920000,43.906440,356.616000,-312.709560,-0.005385,-0.005385,,-0.005385,False,1970-1975
295703095245101,-95.416000,29.961000,-46.700000,27.535632,437.083200,-409.547568,-0.005088,-0.005088,,-0.005088,False,1970-1975
295719095371701,-95.622000,29.956000,-0.460000,41.138856,274.320000,-233.181144,-0.011476,-0.011476,-0.038795,-0.038795,True,1970-1975
295736094483801,-94.811000,29.960000,-12.900000,15.508224,136.855200,-121.346976,0.024154,0.024154,,0.024154,False,1970-1975
295758095494301,-95.829000,29.966000,29.700000,54.257448,170.078400,-115.820952,0.080970,0.080970,,0.080970,False,1970-1975
295759095170701,-95.286000,29.967000,-46.780000,22.283928,324.612000,-302.328072,0.074807,0.074807,,0.074807,False,1970-1975
295813095343601,-95.577000,29.971000,-3.650000,39.383208,155.448000,-116.064792,0.054932,0.054932,0.070977,0.070977,True,1970-1975
295813095343801,-95.578000,29.971000,-18.960000,38.965632,304.800000,-265.834368,0.077048,0.077048,0.102224,0.102224,True,1970-1975
295830095333501,-95.560000,29.975000,-11.060000,38.807136,341.376000,-302.568864,0.028258,0.028258,0.039731,0.039731,True,1970-1975
295831095530801,-95.886000,29.976000,32.190000,66.870072,306.933600,-240.063528,0.151335,0.150000,,0.150000,False,1970-1975
295835095130401,-95.218000,29.977000,-41.660000,23.655528,334.060800,-310.405272,0.081505,0.081505,,0.081505,False,1970-1975
295836095233301,-95.393000,29.977000,-8.500000,29.983176,344.424000,-314.440824,0.028711,0.028711,,0.028711,False,1970-1975
295840095525901,-95.882000,29.979000,53.900000,65.906904,207.264000,-141.357096,0.129542,0.129542,,0.129542,False,1970-1975
295845095304101,-95.512000,29.979000,-9.500000,37.472112,244.449600,-206.977488,0.052138,0.052138,,0.052138,False,1970-1975
295850095201301,-95.338000,29.980000,-31.180000,27.380184,470.916000,-443.535816,-0.015038,-0.015038,,-0.015038,False,1970-1975
295855095204301,-95.346000,29.982000,-30.940000,27.084528,469.392000,-442.307472,0.030570,0.030570,,0.030570,False,1970-1975
295905095315701,-95.533000,29.985000,-8.940000,37.767768,201.168000,-163.400232,0.047916,0.047916,,0.047916,False,1970-1975
295910095443501,-95.743000,29.986000,34.940000,47.353728,152.095200,-104.741472,0.073188,0.073188,0.061449,0.061449,True,1970-1975
295914095304701,-95.513000,29.988000,-10.200000,37.761672,236.220000,-198.458328,0.059236,0.059236,0.097715,0.097715,True,1970-1975
295915095194001,-95.329000,29.988000,-29.360000,27.249120,496.824000,-469.574880,-0.018570,-0.018570,,-0.018570,False,1970-1975
295915095311301,-95.521000,29.988000,-9.640000,37.472112,240.182400,-202.710288,0.081309,0.081309,0.088836,0.088836,True,1970-1975
295924095353201,-95.593000,29.990000,-6.220000,38.691312,286.512000,-247.820688,0.044491,0.044491,,0.044491,False,1970-1975
295924095450601,-95.754000,29.990000,27.790000,48.649128,269.748000,-221.098872,0.068532,0.068532,0.061449,0.061449,True,1970-1975
295940095483801,-95.811000,29.995000,33.910000,60.463176,167.640000,-107.176824,0.146019,0.146019,0.194050,0.194050,True,1970-1975
295943095062801,-95.108000,29.996000,-29.370000,20.196048,350.520000,-330.323952,0.081256,0.081256,,0.081256,False,1970-1975
295944095155801,-95.266000,29.996000,-19.460000,27.020520,88.392000,-61.371480,0.053623,0.053623,,0.053623,False,1970-1975
295953094511001,-94.853000,29.998000,-4.580000,19.882104,73.152000,-53.269896,0.047813,0.047813,,0.047813,False,1970-1975
295953095524101,-95.878000,29.998000,26.830000,70.274688,295.960800,-225.686112,0.107308,0.107308,,0.107308,False,1970-1975
300001095294601,-95.496000,30.001000,-15.250000,35.911536,302.971200,-267.059664,0.074320,0.074320,,0.074320,False,1970-1975
300002095463701,-95.777000,30.001000,34.670000,60.530232,166.725600,-106.195368,0.096412,0.096412,,0.096412,False,1970-1975
300008095310301,-95.518000,30.003000,0.120000,35.475672,128.320800,-92.845128,0.059786,0.059786,0.073809,0.073809,True,1970-1975
300013094580901,-94.969000,30.004000,-16.460000,20.439888,255.117600,-234.677712,0.014102,0.014102,,0.014102,False,1970-1975
300013095112101,-95.189000,30.004000,-25.860000,21.509736,355.092000,-333.582264,0.021409,0.021409,,0.021409,False,1970-1975
300013095342801,-95.575000,30.004000,-0.820000,40.032432,176.784000,-136.751568,0.046127,0.046127,,0.046127,False,1970-1975
300019095332501,-95.557000,30.006000,6.590000,41.529000,141.732000,-100.203000,0.045759,0.045759,0.034558,0.034558,True,1970-1975
300020094584601,-94.980000,30.006000,-15.040000,20.196048,243.840000,-223.643952,0.009382,0.009382,,0.009382,False,1970-1975
300024095274601,-95.463000,30.007000,-6.090000,35.765232,131.064000,-95.298768,0.051607,0.051607,0.034655,0.034655,True,1970-1975
300024095274602,-95.463000,30.007000,-6.090000,35.765232,131.064000,-95.298768,0.051607,0.051607,0.034655,0.034655,True,1970-1975
300028095365701,-95.616000,30.008000,15.860000,44.241720,124.968000,-80.726280,0.062297,0.062297,,0.062297,False,1970-1975
300033095190001,-95.317000,30.009000,-26.900000,28.105608,248.412000,-220.306392,-0.005340,-0.005340,,-0.005340,False,1970-1975
300036095310301,-95.518000,30.010000,7.410000,33.192720,89.611200,-56.418480,0.078966,0.078966,0.079929,0.079929,True,1970-1975
300037095084801,-95.147000,30.011000,-15.030000,20.805648,167.335200,-146.529552,0.044243,0.044243,0.050367,0.050367,True,1970-1975
300038095314001,-95.528000,30.011000,-4.780000,37.975032,306.324000,-268.348968,0.060775,0.060775,0.040358,0.040358,True,1970-1975
300042095485201,-95.815000,30.012000,23.460000,63.608712,224.637600,-161.028888,0.095203,0.095203,,0.095203,False,1970-1975
300045095100901,-95.169000,30.013000,-24.010000,20.897088,367.284000,-346.386912,0.042234,0.042234,0.046167,0.046167,True,1970-1975
300048095133201,-95.226000,30.014000,-15.330000,14.798040,108.204000,-93.405960,0.038971,0.038971,,0.038971,False,1970-1975
300050095275301,-95.464000,30.014000,-13.850000,35.871912,355.092000,-319.220088,0.042323,0.042323,0.034655,0.034655,True,1970-1975
300051095271801,-95.455000,30.014000,-9.960000,35.332416,229.209600,-193.877184,0.046211,0.046211,0.039258,0.039258,True,1970-1975
300053095271901,-95.456000,30.015000,-13.890000,35.399472,376.732800,-341.333328,0.034750,0.034750,0.031703,0.031703,True,1970-1975
300056095335601,-95.566000,30.016000,1.390000,42.543984,293.217600,-250.673616,0.042737,0.042737,0.034558,0.034558,True,1970-1975
300057094565801,-94.950000,30.016000,-18.130000,20.278344,99.974400,-79.696056,-0.002323,-0.002323,,-0.002323,False,1970-1975
300102095485201,-95.815000,30.017000,39.080000,62.980824,167.640000,-104.659176,0.030988,0.030988,,0.030988,False,1970-1975
300106095085801,-95.150000,30.019000,-12.070000,16.480536,104.241600,-87.761064,0.040461,0.040461,0.048267,0.048267,True,1970-1975
300108095305501,-95.516000,30.019000,-12.050000,35.396424,335.280000,-299.883576,0.077465,0.077465,0.071780,0.071780,True,1970-1975
300109095312401,-95.524000,30.019000,1.650000,36.060888,145.084800,-109.023912,0.049357,0.049357,0.056069,0.056069,True,1970-1975
300116095254001,-95.428000,30.021000,7.490000,34.189416,105.765600,-71.576184,0.100268,0.100268,0.112003,0.112003,True,1970-1975
300118095502801,-95.841000,30.022000,43.570000,66.504312,151.485600,-84.981288,-0.034246,-0.034246,,-0.034246,False,1970-1975
300120095063601,-95.110000,30.023000,-12.940000,20.945856,111.861600,-90.915744,0.025275,0.025275,0.022930,0.022930,True,1970-1975
300120095063602,-95.110000,30.023000,-16.240000,20.945856,194.157600,-173.211744,0.013427,0.013427,0.010522,0.010522,True,1970-1975
300123095264501,-95.446000,30.023000,-13.500000,33.969960,313.944000,-279.974040,0.082196,0.082196,0.100721,0.100721,True,1970-1975
300126095241401,-95.404000,30.024000,-15.950000,33.442656,320.649600,-287.206944,0.007556,0.007556,-0.026019,-0.026019,True,1970-1975
300127095213801,-95.361000,30.024000,-16.600000,25.740360,195.072000,-169.331640,0.039474,0.039474,,0.039474,False,1970-1975
300133095065101,-95.115000,30.027000,-14.070000,20.759928,307.848000,-287.088072,-0.001663,-0.001663,-0.006648,-0.006648,True,1970-1975
300136095233702,-95.394000,30.027000,-18.980000,28.891992,199.644000,-170.752008,0.002873,0.002873,-0.019750,-0.019750,True,1970-1975
300141095261901,-95.439000,30.028000,-22.870000,32.074104,349.910400,-317.836296,0.107957,0.107957,0.132135,0.132135,True,1970-1975
300142095001701,-95.005000,30.029000,-15.750000,21.089112,112.776000,-91.686888,0.012578,0.012578,,0.012578,False,1970-1975
300143095323101,-95.542000,30.029000,1.840000,40.517064,187.452000,-146.934936,0.044112,0.044112,,0.044112,False,1970-1975
300146095510401,-95.851000,30.030000,38.860000,68.266056,90.525600,-22.259544,-0.060483,-0.060483,-0.075094,-0.075094,True,1970-1975
300148095242001,-95.406000,30.030000,-16.940000,29.059632,351.129600,-322.069968,0.026467,0.026467,0.034029,0.034029,True,1970-1975
300150095522401,-95.874000,30.031000,38.080000,73.404984,188.976000,-115.571016,0.027879,0.027879,,0.027879,False,1970-1975
300154095271401,-95.454000,30.032000,17.040000,29.858208,64.617600,-34.759392,0.138208,0.138208,0.140986,0.140986,True,1970-1975
300155095341101,-95.570000,30.032000,6.560000,44.546520,166.420800,-121.874280,0.045396,0.045396,0.040140,0.040140,True,1970-1975
300156095034301,-95.062000,30.032000,-23.150000,20.211288,302.361600,-282.150312,0.011259,0.011259,,0.011259,False,1970-1975
300157095292501,-95.491000,30.033000,-18.760000,37.633656,324.002400,-286.368744,0.083470,0.083470,,0.083470,False,1970-1975
300159095014901,-95.031000,30.033000,-10.730000,20.805648,277.977600,-257.171952,0.011154,0.011154,,0.011154,False,1970-1975
300159095311301,-95.521000,30.033000,-0.550000,39.081456,336.194400,-297.112944,0.044106,0.044106,,0.044106,False,1970-1975
300201095284001,-95.478000,30.034000,-6.040000,35.210496,335.280000,-300.069504,0.056910,0.056910,0.076920,0.076920,True,1970-1975
300208095054001,-95.095000,30.036000,-18.930000,21.009864,115.824000,-94.814136,0.016393,0.016393,,0.016393,False,1970-1975
300221095200101,-95.334000,30.039000,-17.430000,27.358848,275.844000,-248.485152,0.039713,0.039713,0.049556,0.049556,True,1970-1975
300222095032601,-95.058000,30.040000,-23.020000,21.259800,184.404000,-163.144200,0.010840,0.010840,,0.010840,False,1970-1975
300225095144201,-95.245000,30.041000,-13.490000,24.527256,298.704000,-274.176744,0.041929,0.041929,,0.041929,False,1970-1975
300231095274201,-95.462000,30.042000,14.530000,35.625024,68.275200,-32.650176,0.117497,0.117497,0.117743,0.117743,True,1970-1975
300232095511601,-95.855000,30.043000,39.110000,71.676768,74.371200,-2.694432,0.011983,0.011983,,0.011983,False,1970-1975
300234095283001,-95.475000,30.043000,-11.260000,37.091112,350.520000,-313.428888,0.077162,0.077162,0.060962,0.060962,True,1970-1975
300237095272201,-95.456000,30.044000,0.000000,35.048952,168.859200,-133.810248,0.107148,0.107148,0.103161,0.103161,True,1970-1975
300237095272202,-95.456000,30.044000,-1.550000,35.048952,85.344000,-50.295048,0.091016,0.091016,,0.091016,False,1970-1975
300237095272203,-95.456000,30.044000,-0.620000,35.048952,168.859200,-133.810248,0.107551,0.107551,0.104500,0.104500,True,1970-1975
300239095212601,-95.358000,30.044000,-6.750000,25.362408,220.980000,-195.617592,0.050841,0.050841,,0.050841,False,1970-1975
300242094565701,-94.949000,30.045000,-11.770000,23.597616,286.512000,-262.914384,0.011060,0.011060,,0.011060,False,1970-1975
300243094573501,-94.960000,30.046000,-12.080000,24.006048,265.176000,-241.169952,0.012926,0.012926,,0.012926,False,1970-1975
300246095241901,-95.406000,30.046000,-1.160000,29.949648,158.496000,-128.546352,0.056460,0.056460,,0.056460,False,1970-1975
300248095484501,-95.813000,30.047000,25.290000,65.407032,106.680000,-41.272968,0.079775,0.079775,,0.079775,False,1970-1975
300252095203501,-95.343000,30.048000,-14.000000,29.516832,208.788000,-179.271168,0.028428,0.028428,,0.028428,False,1970-1975
300306095133401,-95.226000,30.052000,-2.030000,22.997160,295.656000,-272.658840,0.044814,0.044814,,0.044814,False,1970-1975
300308095071401,-95.121000,30.052000,-9.170000,20.345400,173.736000,-153.390600,0.033170,0.033170,,0.033170,False,1970-1975
300308095071402,-95.121000,30.052000,-8.950000,20.345400,153.314400,-132.969000,0.040056,0.040056,,0.040056,False,1970-1975
300312095221601,-95.371000,30.054000,-14.420000,30.629352,187.452000,-156.822648,0.049082,0.049082,,0.049082,False,1970-1975
300313094532301,-94.890000,30.054000,-6.840000,25.886664,406.603200,-380.716536,-0.004717,-0.004717,,-0.004717,False,1970-1975
300330095231201,-95.387000,30.059000,-9.350000,32.564832,352.653600,-320.088768,0.002686,0.002686,-0.031054,-0.031054,True,1970-1975
300355095504801,-95.847000,30.066000,23.550000,79.540608,388.924800,-309.384192,0.100216,0.100216,,0.100216,False,1970-1975
300402095123401,-95.210000,30.067000,-1.900000,20.689824,247.192800,-226.502976,0.055919,0.055919,,0.055919,False,1970-1975
300413095002201,-95.007000,30.071000,-7.740000,25.740360,309.981600,-284.241240,0.001117,0.001117,,0.001117,False,1970-1975
300426095123901,-95.211000,30.074000,-0.680000,24.329136,297.180000,-272.850864,0.038158,0.038158,,0.038158,False,1970-1975
300442095231802,-95.389000,30.079000,-4.980000,33.207960,219.456000,-186.248040,0.052456,0.052456,,0.052456,False,1970-1975
300444095280901,-95.469000,30.079000,17.910000,41.690544,332.841600,-291.151056,0.051671,0.051671,,0.051671,False,1970-1975
300449095480101,-95.801000,30.081000,44.210000,74.554080,79.248000,-4.693920,0.029628,0.029628,,0.029628,False,1970-1975
300450095250501,-95.418000,30.081000,-2.580000,36.813744,326.745600,-289.931856,0.037627,0.037627,0.036974,0.036974,True,1970-1975
300456095245601,-95.416000,30.082000,3.430000,36.597336,163.982400,-127.385064,0.053058,0.053058,0.036974,0.036974,True,1970-1975
300501094595901,-95.000000,30.084000,-14.370000,24.585168,253.593600,-229.008432,0.025887,0.025887,0.006127,0.006127,True,1970-1975
300507095280201,-95.468000,30.086000,-1.650000,41.614344,304.800000,-263.185656,0.065410,0.065410,,0.065410,False,1970-1975
300521095365101,-95.614000,30.089000,34.540000,55.092600,125.577600,-70.485000,0.058623,0.058623,,0.058623,False,1970-1975
300527095401001,-95.670000,30.091000,40.770000,69.960744,78.638400,-8.677656,0.041379,0.041379,,0.041379,False,1970-1975
300539095003201,-95.009000,30.094000,-0.970000,24.682704,152.400000,-127.717296,0.015694,0.015694,,0.015694,False,1970-1975
300548095391902,-95.656000,30.097000,46.680000,70.283832,60.960000,9.323832,0.062731,0.062731,0.078610,0.078610,True,1970-1975
300549095391201,-95.654000,30.097000,44.320000,65.251584,64.008000,1.243584,0.046470,0.046470,0.049037,0.049037,True,1970-1975
300551095330401,-95.551000,30.098000,0.110000,40.949880,311.505600,-270.555720,0.099719,0.099719,,0.099719,False,1970-1975
300551095365701,-95.616000,30.098000,35.770000,56.961024,92.354400,-35.393376,0.059765,0.059765,,0.059765,False,1970-1975
300553095391701,-95.655000,30.098000,45.380000,70.832472,68.275200,2.557272,0.062830,0.062830,0.065731,0.065731,True,1970-1975
300559095390701,-95.652000,30.100000,41.460000,69.716904,126.796800,-57.079896,0.054573,0.054573,0.065731,0.065731,True,1970-1975
300608095294201,-95.495000,30.102000,4.750000,38.807136,178.308000,-139.500864,0.053139,0.053139,,0.053139,False,1970-1975
300639095375501,-95.632000,30.111000,39.020000,67.019424,138.684000,-71.664576,0.042797,0.042797,,0.042797,False,1970-1975
300641095003101,-95.009000,30.112000,-3.180000,24.972264,306.628800,-281.656536,0.021282,0.021282,0.040799,0.040799,True,1970-1975
300700095345401,-95.582000,30.117000,37.780000,46.293024,85.039200,-38.746176,0.038188,0.038188,,0.038188,False,1970-1975
300714095325101,-95.548000,30.121000,6.930000,44.915328,266.700000,-221.784672,0.068236,0.068236,,0.068236,False,1970-1975
300720095005201,-95.014000,30.122000,2.170000,26.258520,176.784000,-150.525480,0.020051,0.020051,0.030514,0.030514,True,1970-1975
300736095000701,-95.002000,30.127000,2.380000,25.999440,309.372000,-283.372560,0.010950,0.010950,,0.010950,False,1970-1975
300738095560001,-95.934000,30.128000,64.370000,92.857320,67.056000,25.801320,-0.027926,-0.027926,,-0.027926,False,1970-1975
300740095262701,-95.441000,30.128000,7.350000,35.573208,303.580800,-268.007592,0.041224,0.041224,,0.041224,False,1970-1975
300748094554501,-94.931000,30.131000,1.740000,29.410152,122.224800,-92.814648,-0.016625,-0.016625,-0.004931,-0.004931,True,1970-1975
300756095000601,-95.002000,30.133000,-0.660000,26.575512,316.992000,-290.416488,0.016991,0.016991,0.020230,0.020230,True,1970-1975
300757094554201,-94.929000,30.133000,9.980000,29.849064,231.648000,-201.798936,-0.067833,-0.067833,-0.075607,-0.075607,True,1970-1975
300759094554201,-94.929000,30.133000,-4.800000,29.605224,221.894400,-192.289176,0.033551,0.033551,0.065745,0.065745,True,1970-1975
300816095274701,-95.463000,30.140000,2.350000,41.324784,287.731200,-246.406416,0.050003,0.050003,,0.050003,False,1970-1975
300822095284201,-95.479000,30.141000,5.460000,41.026080,320.649600,-279.623520,0.055191,0.055191,,0.055191,False,1970-1975
300844094491701,-94.822000,30.146000,-1.080000,9.183624,130.454400,-121.270776,0.033337,0.033337,,0.033337,False,1970-1975
300927095264401,-95.446000,30.158000,6.620000,39.733728,304.190400,-264.456672,0.066013,0.066013,,0.066013,False,1970-1975
300939094532701,-94.891000,30.161000,2.160000,30.163008,99.669600,-69.506592,0.016168,0.016168,,0.016168,False,1970-1975
301234095255801,-95.433000,30.209000,20.080000,38.331648,249.936000,-211.604352,0.004151,0.004151,,0.004151,False,1970-1975
301407094584401,-94.979000,30.236000,11.130000,36.542472,218.846400,-182.303928,-0.093467,-0.093467,,-0.093467,False,1970-1975
301608094582401,-94.974000,30.269000,22.050000,38.968680,191.109600,-152.140920,-0.046074,-0.046074,,-0.046074,False,1970-1975
302040095050701,-95.086000,30.345000,35.810000,48.170592,257.556000,-209.385408,-0.034890,-0.034890,,-0.034890,False,1970-1975
302154094590701,-94.985000,30.366000,35.940000,46.707552,153.009600,-106.302048,-0.129774,-0.129774,-0.136242,-0.136242,True,1970-1975
302156095001501,-95.004000,30.366000,35.470000,46.094904,137.769600,-91.674696,-0.111211,-0.111211,,-0.111211,False,1970-1975
302204094582201,-94.973000,30.368000,29.030000,47.134272,102.717600,-55.583328,-0.129048,-0.129048,-0.136242,-0.136242,True,1970-1975
302339095345801,-95.583000,30.394000,52.400000,61.575696,70.713600,-9.137904,-0.014837,-0.014837,,-0.014837,False,1970-1975
302353094593701,-94.994000,30.399000,36.410000,48.591216,254.508000,-205.916784,-0.131389,-0.131389,,-0.131389,False,1970-1975
